img_path,gall_mm2,prop_herb,leaf_area_mm2,month,leaf,tree,exp.round
images/segmented_processed/2022_May_isolate/tree1_20220517_leaf1.png,20.86732535,1.60E-04,2505.322766,May,1,1,1
images/segmented_processed/2022_May_isolate/tree1_20220517_leaf2.png,58.566145,2.58E-04,2768.80411,May,2,1,1
images/segmented_processed/2022_May_isolate/tree1_20220517_leaf3.png,26.27412031,0.006606212,3082.785314,May,3,1,1
images/segmented_processed/2022_May_isolate/tree10_20220517_leaf1.png,27.95511921,4.10E-04,1944.892428,May,1,10,1
images/segmented_processed/2022_May_isolate/tree10_20220517_leaf2.png,0,0.003339158,2290.077846,May,2,10,1
images/segmented_processed/2022_May_isolate/tree10_20220517_leaf3.png,0,1.62E-04,1105.181507,May,3,10,1
images/segmented_processed/2022_May_isolate/tree11_20220517_leaf1.png,3.195331595,0.001123756,2312.38782,May,1,11,1
images/segmented_processed/2022_May_isolate/tree11_20220517_leaf2.png,0,0.007993048,2918.298317,May,2,11,1
images/segmented_processed/2022_May_isolate/tree12_20220517_leaf1.png,0,2.83E-04,2174.553078,May,1,12,1
images/segmented_processed/2022_May_isolate/tree12_20220517_leaf2.png,0,9.53E-06,2068.526492,May,2,12,1
images/segmented_processed/2022_May_isolate/tree13_20220517_leaf1.png,0,0.004145702,2565.589623,May,1,13,1
images/segmented_processed/2022_May_isolate/tree13_20220517_leaf2.png,0,5.30E-05,2131.601585,May,2,13,1
images/segmented_processed/2022_May_isolate/tree13_20220517_leaf3.png,0,0.004210998,2205.346899,May,3,13,1
images/segmented_processed/2022_May_isolate/tree14_20220517_leaf1.png,0,0.003821382,2006.718421,May,1,14,1
images/segmented_processed/2022_May_isolate/tree14_20220517_leaf2.png,3.792104125,1.66E-04,2088.241491,May,2,14,1
images/segmented_processed/2022_May_isolate/tree15_20220517_leaf1.png,80.80443426,1.34E-04,1817.308554,May,1,15,1
images/segmented_processed/2022_May_isolate/tree15_20220517_leaf2.png,13.45336752,0.055815973,1630.577892,May,2,15,1
images/segmented_processed/2022_May_isolate/tree16_20220517_leaf1.png,0,0.004348461,1657.154879,May,1,16,1
images/segmented_processed/2022_May_isolate/tree16_20220517_leaf3.png,0,4.78E-05,1950.664814,May,3,16,1
images/segmented_processed/2022_May_isolate/tree17_20220517_leaf1.png,10.52506027,0.027057039,1405.695006,May,1,17,1
images/segmented_processed/2022_May_isolate/tree17_20220517_leaf2.png,0,0.015340677,2351.835738,May,2,17,1
images/segmented_processed/2022_May_isolate/tree18_20220517_leaf1.png,0,0.003562056,3363.80066,May,1,18,1
images/segmented_processed/2022_May_isolate/tree18_20220517_leaf2.png,0,0.003711755,2931.683584,May,2,18,1
images/segmented_processed/2022_May_isolate/tree18_20220517_leaf3.png,6.342276228,0.00368556,2937.932671,May,3,18,1
images/segmented_processed/2022_May_isolate/tree19_20220517_leaf1.png,0,0.123391753,1181.462657,May,1,19,1
images/segmented_processed/2022_May_isolate/tree19_20220517_leaf2.png,0,4.32E-04,2045.058816,May,2,19,1
images/segmented_processed/2022_May_isolate/tree2_20220517_leaf1.png,0,0.005917231,2513.76181,May,1,2,1
images/segmented_processed/2022_May_isolate/tree2_20220517_leaf2.png,0,5.92E-05,2027.171769,May,2,2,1
images/segmented_processed/2022_May_isolate/tree2_20220517_leaf3.png,0,0.018981302,2313.721149,May,3,2,1
images/segmented_processed/2022_May_isolate/tree20_20220517_leaf1.png,0,0.003947832,2136.732395,May,1,20,1
images/segmented_processed/2022_May_isolate/tree20_20220517_leaf2.png,0,1.43E-04,3111.292403,May,2,20,1
images/segmented_processed/2022_May_isolate/tree20_20220517_leaf3.png,0,0.004250802,1548.090667,May,3,20,1
images/segmented_processed/2022_May_isolate/tree21_P20220517_leaf1.png,0,0,2160.191111,May,1,21,1
images/segmented_processed/2022_May_isolate/tree21_P20220517_leaf2.png,0,0.052084398,1805.308588,May,2,21,1
images/segmented_processed/2022_May_isolate/tree21_P20220517_leaf3.png,0,1.61E-04,2699.34373,May,3,21,1
images/segmented_processed/2022_May_isolate/tree22_20220517_leaf2.png,0,8.42E-05,1511.585392,May,2,22,1
images/segmented_processed/2022_May_isolate/tree22_20220517_leaf3.png,0,5.95E-05,2019.530213,May,3,22,1
images/segmented_processed/2022_May_isolate/tree23_20220517_leaf1.png,0,2.32E-04,1856.790523,May,1,23,1
images/segmented_processed/2022_May_isolate/tree23_20220517_leaf2.png,0,0.004202741,1569.631826,May,2,23,1
images/segmented_processed/2022_May_isolate/tree23_20220517_leaf3.png,0,2.28E-04,1620.083298,May,3,23,1
images/segmented_processed/2022_May_isolate/tree24_20220517_leaf1.png,0,0.003325976,2981.303518,May,1,24,1
images/segmented_processed/2022_May_isolate/tree24_20220517_leaf2.png,0,1.14E-04,4130.502824,May,2,24,1
images/segmented_processed/2022_May_isolate/tree24_20220517_leaf3.png,0,0.004026868,2297.731947,May,3,24,1
images/segmented_processed/2022_May_isolate/tree25_20220517_leaf1.png,4.451600495,0.003269335,3610.712158,May,1,25,1
images/segmented_processed/2022_May_isolate/tree25_20220517_leaf2.png,0,0.004016482,2275.56355,May,2,25,1
images/segmented_processed/2022_May_isolate/tree25_20220517_leaf3.png,56.20952074,2.70E-04,1728.312387,May,3,25,1
images/segmented_processed/2022_May_isolate/tree26_20220517_leaf1.png,0,4.10E-04,2759.995891,May,1,26,1
images/segmented_processed/2022_May_isolate/tree26_20220517_leaf2.png,0,2.67E-04,3177.858526,May,2,26,1
images/segmented_processed/2022_May_isolate/tree27_20220517_leaf1.png,0,1.53E-04,2249.355737,May,1,27,1
images/segmented_processed/2022_May_isolate/tree27_20220517_leaf2.png,0,0.005804748,1223.503758,May,2,27,1
images/segmented_processed/2022_May_isolate/tree27_20220517_leaf3.png,0,0.004052753,2599.22573,May,3,27,1
images/segmented_processed/2022_May_isolate/tree28_20220517_leaf1.png,0,0.003877634,1956.347593,May,1,28,1
images/segmented_processed/2022_May_isolate/tree28_20220517_leaf2.png,0,1.88E-04,2603.471238,May,2,28,1
images/segmented_processed/2022_May_isolate/tree28_20220517_leaf3.png,0,2.58E-04,1519.468883,May,3,28,1
images/segmented_processed/2022_May_isolate/tree29_20220517_leaf1.png,0,0.004288049,2224.647921,May,1,29,1
images/segmented_processed/2022_May_isolate/tree29_20220517_leaf2.png,0,0.0041444,1943.715012,May,2,29,1
images/segmented_processed/2022_May_isolate/tree3_20220517_leaf1.png,0,0.002857961,1790.880313,May,1,3,1
images/segmented_processed/2022_May_isolate/tree3_20220517_leaf2.png,0,0.003981782,2202.678448,May,2,3,1
images/segmented_processed/2022_May_isolate/tree3_20220517_leaf3.png,0,0.001883272,2055.442299,May,3,3,1
images/segmented_processed/2022_May_isolate/tree30_20220517_leaf1.png,37.56261931,1.15E-04,2779.94924,May,1,30,1
images/segmented_processed/2022_May_isolate/tree30_20220517_leaf2.png,0,6.07E-05,3456.597892,May,2,30,1
images/segmented_processed/2022_May_isolate/tree32_20220517_leaf1.png,0,0.017119569,1715.00418,May,1,32,1
images/segmented_processed/2022_May_isolate/tree32_20220517_leaf3.png,0,2.27E-05,1261.025159,May,3,32,1
images/segmented_processed/2022_May_isolate/tree33_20220517_leaf1.png,0,3.45E-04,2264.776841,May,1,33,1
images/segmented_processed/2022_May_isolate/tree33_20220517_leaf2.png,0,0.026542925,2019.851001,May,2,33,1
images/segmented_processed/2022_May_isolate/tree33_20220517_leaf3.png,0,3.93E-05,2647.736347,May,3,33,1
images/segmented_processed/2022_May_isolate/tree34_20220517_leaf1.png,9.611084321,1.05E-04,2010.8797,May,1,34,1
images/segmented_processed/2022_May_isolate/tree34_20220517_leaf2.png,6.206075891,0.003419521,2292.8592,May,2,34,1
images/segmented_processed/2022_May_isolate/tree34_20220517_leaf3.png,2.856622862,1.01E-04,1737.979027,May,3,34,1
images/segmented_processed/2022_May_isolate/tree35_20220517_leaf1.png,0,0.004197212,2298.412948,May,1,35,1
images/segmented_processed/2022_May_isolate/tree36_20220517_leaf1.png,0,0.002761228,2732.400986,May,1,36,1
images/segmented_processed/2022_May_isolate/tree36_20220517_leaf2.png,6.019696482,3.55E-05,2270.291163,May,2,36,1
images/segmented_processed/2022_May_isolate/tree36_20220517_leaf3.png,10.4569601,2.33E-04,2447.509307,May,3,36,1
images/segmented_processed/2022_May_isolate/tree37_20220517_leaf1.png,0,1.60E-05,3573.255273,May,1,37,1
images/segmented_processed/2022_May_isolate/tree37_20220517_leaf3.png,0,1.78E-04,3069.070298,May,3,37,1
images/segmented_processed/2022_May_isolate/tree38_20220517_leaf1.png,0,0.020222482,869.6248161,May,1,38,1
images/segmented_processed/2022_May_isolate/tree38_20220517_leaf2.png,0,4.36E-04,2426.405423,May,2,38,1
images/segmented_processed/2022_May_isolate/tree38_20220517_leaf3.png,0,3.14E-05,2336.357287,May,3,38,1
images/segmented_processed/2022_May_isolate/tree39_20220517_leaf1.png,30.45152802,8.67E-06,1446.171596,May,1,39,1
images/segmented_processed/2022_May_isolate/tree39_20220517_leaf2.png,17.70245962,4.21E-04,3238.100293,May,2,39,1
images/segmented_processed/2022_May_isolate/tree39_20220517_leaf3.png,2.166660627,0.004479467,1767.518371,May,3,39,1
images/segmented_processed/2022_May_isolate/tree4_20220517_leaf1.png,0,7.34E-05,1878.742075,May,1,4,1
images/segmented_processed/2022_May_isolate/tree4_20220517_leaf2.png,0,5.76E-06,2176.21078,May,2,4,1
images/segmented_processed/2022_May_isolate/tree4_20220517_leaf3.png,0,0.005664847,2001.585819,May,3,4,1
images/segmented_processed/2022_May_isolate/tree40_20220517_leaf1.png,3.887085939,0.003660862,2571.512545,May,1,40,1
images/segmented_processed/2022_May_isolate/tree40_20220517_leaf2.png,7.603921457,0.003889993,2320.532958,May,2,40,1
images/segmented_processed/2022_May_isolate/tree41_20221517_leaf1.png,0,0.008929857,3110.453695,May,1,41,1
images/segmented_processed/2022_May_isolate/tree41_20221517_leaf2.png,0,4.36E-04,3009.760428,May,2,41,1
images/segmented_processed/2022_May_isolate/tree41_20221517_leaf3.png,0,0.004213479,2218.509945,May,3,41,1
images/segmented_processed/2022_May_isolate/tree42_20220517_leaf1.png,14.42289887,8.09E-05,1948.84403,May,1,42,1
images/segmented_processed/2022_May_isolate/tree42_20220517_leaf2.png,4.455184714,2.50E-05,1936.931877,May,2,42,1
images/segmented_processed/2022_May_isolate/tree42_20220517_leaf3.png,6.444426481,0.002863302,3672.717361,May,3,42,1
images/segmented_processed/2022_May_isolate/tree43_20220516_leaf1.png,0,1.87E-05,2970.023979,May,1,43,1
images/segmented_processed/2022_May_isolate/tree43_20220516_leaf2.png,0,0.002968187,3167.994754,May,2,43,1
images/segmented_processed/2022_May_isolate/tree44_20220517_leaf2.png,0,2.33E-04,1805.575612,May,2,44,1
images/segmented_processed/2022_May_isolate/tree44_20220517_leaf3.png,0,5.91E-04,2030.177137,May,3,44,1
images/segmented_processed/2022_May_isolate/tree45_20220516_leaf1.png,0,0.226437987,2487.290558,May,1,45,1
images/segmented_processed/2022_May_isolate/tree45_20220516_leaf2.png,0,0.183032266,2709.985278,May,2,45,1
images/segmented_processed/2022_May_isolate/tree45_20220516_leaf3.png,0,0.055376911,2062.626867,May,3,45,1
images/segmented_processed/2022_May_isolate/tree46_20220517_leaf1.png,111.2290806,9.73E-05,3000.991635,May,1,46,1
images/segmented_processed/2022_May_isolate/tree46_20220517_leaf2.png,0,0.003205174,2517.204453,May,2,46,1
images/segmented_processed/2022_May_isolate/tree46_20220517_leaf3.png,50.04287126,3.95E-05,2043.082119,May,3,46,1
images/segmented_processed/2022_May_isolate/tree47_20220517_leaf1.png,0,4.67E-04,1855.833537,May,1,47,1
images/segmented_processed/2022_May_isolate/tree47_20220517_leaf3.png,0,1.96E-04,2257.981161,May,3,47,1
images/segmented_processed/2022_May_isolate/tree48_20220517_leaf1.png,0,2.46E-04,1870.111275,May,1,48,1
images/segmented_processed/2022_May_isolate/tree48_20220517_leaf3.png,0,2.35E-04,1525.101484,May,3,48,1
images/segmented_processed/2022_May_isolate/tree49_20220517_leaf1.png,0,0.004408981,1713.669058,May,1,49,1
images/segmented_processed/2022_May_isolate/tree49_20220517_leaf2.png,0,4.09E-04,1982.707735,May,2,49,1
images/segmented_processed/2022_May_isolate/tree49_20220517_leaf3.png,0,2.36E-04,1290.331529,May,3,49,1
images/segmented_processed/2022_May_isolate/tree5_20220517_leaf1.png,0,0.00241568,3190.763507,May,1,5,1
images/segmented_processed/2022_May_isolate/tree5_20220517_leaf2.png,0,0.013643891,1865.679387,May,2,5,1
images/segmented_processed/2022_May_isolate/tree5_20220517_leaf3.png,0,0.021229262,2896.767911,May,3,5,1
images/segmented_processed/2022_May_isolate/tree51_20220517_leaf1.png,7.562702934,0.00130344,3093.541556,May,1,51,1
images/segmented_processed/2022_May_isolate/tree51_20220517_leaf2.png,21.79205395,1.14E-04,3534.999107,May,2,51,1
images/segmented_processed/2022_May_isolate/tree51_20220517_leaf3.png,38.41924775,0.001289609,2490.260084,May,3,51,1
images/segmented_processed/2022_May_isolate/tree52_20220517_leaf2.png,0,0.001960685,2090.368725,May,2,52,1
images/segmented_processed/2022_May_isolate/tree52_20220517_leaf3.png,0,0.003397184,1706.025711,May,3,52,1
images/segmented_processed/2022_May_isolate/tree53_20220517_leaf1.png,19.37449797,1.90E-04,1511.076433,May,1,53,1
images/segmented_processed/2022_May_isolate/tree53_20220517_leaf2.png,9.672016051,3.56E-05,1859.985855,May,2,53,1
images/segmented_processed/2022_May_isolate/tree53_20220517_leaf3.png,4.172031382,0.002784119,3398.684075,May,3,53,1
images/segmented_processed/2022_May_isolate/tree54_20220516_leaf1.png,57.07690184,1.08E-04,2495.706305,May,1,54,1
images/segmented_processed/2022_May_isolate/tree54_20220516_leaf2.png,0,3.20E-05,3364.728972,May,2,54,1
images/segmented_processed/2022_May_isolate/tree55_20220517_leaf1.png,16.85837595,0.003142732,2917.914806,May,1,55,1
images/segmented_processed/2022_May_isolate/tree55_20220517_leaf3.png,3.578843071,0.004425303,2224.088783,May,3,55,1
images/segmented_processed/2022_May_isolate/tree56_20220517_leaf1.png,3.802856783,0.004251564,2055.320436,May,1,56,1
images/segmented_processed/2022_May_isolate/tree56_20220517_leaf2.png,0,4.59E-04,2348.832163,May,2,56,1
images/segmented_processed/2022_May_isolate/tree56_20220517_leaf3.png,8.109296393,3.49E-04,2473.681277,May,3,56,1
images/segmented_processed/2022_May_isolate/tree57_20220517_leaf1.png,3.569882522,0.003820909,2277.126269,May,1,57,1
images/segmented_processed/2022_May_isolate/tree57_20220517_leaf2.png,0,0.003762096,3256.869058,May,2,57,1
images/segmented_processed/2022_May_isolate/tree58_20220517_leaf1.png,0,1.76E-04,1730.219192,May,1,58,1
images/segmented_processed/2022_May_isolate/tree58_20220517_leaf2.png,21.98201758,0.003590258,2813.759182,May,2,58,1
images/segmented_processed/2022_May_isolate/tree58_20220517_leaf3.png,38.91924635,2.50E-04,2786.459975,May,3,58,1
images/segmented_processed/2022_May_isolate/tree59_20220517_leaf2.png,5.308228931,0.003544627,2728.135765,May,2,59,1
images/segmented_processed/2022_May_isolate/tree59_20220517_leaf3.png,0,0.00409119,2125.375796,May,3,59,1
images/segmented_processed/2022_May_isolate/tree6_20220517_leaf1.png,4.560919187,1.40E-04,2342.536481,May,1,6,1
images/segmented_processed/2022_May_isolate/tree6_20220517_leaf2.png,10.72936077,0.020171438,1760.353516,May,2,6,1
images/segmented_processed/2022_May_isolate/tree6_20220517_leaf3.png,20.22575007,3.60E-04,2061.813249,May,3,6,1
images/segmented_processed/2022_May_isolate/tree60_20220516_leaf1.png,0,8.40E-06,2346.687007,May,1,60,1
images/segmented_processed/2022_May_isolate/tree60_20220516_leaf2.png,0,3.08E-04,1954.295628,May,2,60,1
images/segmented_processed/2022_May_isolate/tree60_20220516_leaf3.png,0,5.09E-04,1951.58775,May,3,60,1
images/segmented_processed/2022_May_isolate/tree61_20220517_leaf1.png,8.318973227,0.004156217,1965.784843,May,1,61,1
images/segmented_processed/2022_May_isolate/tree61_20220517_leaf3.png,0,3.76E-06,1906.295762,May,3,61,1
images/segmented_processed/2022_May_isolate/tree63_20220517_leaf1.png,0,3.38E-06,1590.404169,May,1,63,1
images/segmented_processed/2022_May_isolate/tree63_20220517_leaf2.png,0,0.003949502,2179.843386,May,2,63,1
images/segmented_processed/2022_May_isolate/tree64_20220517_leaf1.png,9.426497022,1.06E-06,1691.980947,May,1,64,1
images/segmented_processed/2022_May_isolate/tree64_20220517_leaf2.png,67.34927464,3.08E-05,1975.128903,May,2,64,1
images/segmented_processed/2022_May_isolate/tree64_20220517_leaf3.png,22.83864602,0.003477811,2508.471502,May,3,64,1
images/segmented_processed/2022_May_isolate/tree65_20220517_leaf1.png,3.858412184,0.003774611,2326.89674,May,1,65,1
images/segmented_processed/2022_May_isolate/tree65_20220517_leaf3.png,0,0.003898159,2253.147841,May,3,65,1
images/segmented_processed/2022_May_isolate/tree66_20220517_leaf1.png,0,0.003365525,2477.145425,May,1,66,1
images/segmented_processed/2022_May_isolate/tree66_20220517_leaf3.png,0,0.003856066,1925.462375,May,3,66,1
images/segmented_processed/2022_May_isolate/tree7_20220517_leaf1.png,0,1.56E-06,1147.158093,May,1,7,1
images/segmented_processed/2022_May_isolate/tree7_20220517_leaf2.png,8.655889851,2.33E-04,1239.5521,May,2,7,1
images/segmented_processed/2022_May_isolate/tree8_20220517_leaf2.png,4.166655053,1.57E-04,1925.698933,May,2,8,1
images/segmented_processed/2022_May_isolate/tree8_20220517_leaf3.png,0,2.17E-04,2756.201995,May,3,8,1
images/segmented_processed/2022_May_isolate/tree9_20220517_leaf1.png,0,0.002581348,2191.063785,May,1,9,1
images/segmented_processed/2022_May_isolate/tree9_20220517_leaf2.png,8.801050737,0.004150225,1922.419373,May,2,9,1
images/segmented_processed/2022_May_isolate/tree9_20220517_leaf3.png,5.07883889,0.004506374,1852.010967,May,3,9,1
images/segmented_processed/2022_June_isolate/tree1_20220701_leaf1.png,53.93354142,0.001661087,2750.058643,June,1,1,2
images/segmented_processed/2022_June_isolate/tree1_20220701_leaf2.png,5.571669057,0.003892539,1588.36654,June,2,1,2
images/segmented_processed/2022_June_isolate/tree1_20220701_leaf3.png,0,3.37E-06,2661.854587,June,3,1,2
images/segmented_processed/2022_June_isolate/tree10_20220701_leaf1.png,24.35656293,6.56E-06,2185.92043,June,1,10,2
images/segmented_processed/2022_June_isolate/tree10_20220701_leaf2.png,0,1.51E-04,2110.198419,June,2,10,2
images/segmented_processed/2022_June_isolate/tree10_20220701_leaf3.png,0,7.44E-05,2698.220078,June,3,10,2
images/segmented_processed/2022_June_isolate/tree11_20220701_leaf1.png,6.915751332,0.001047277,2299.864557,June,1,11,2
images/segmented_processed/2022_June_isolate/tree11_20220701_leaf2.png,21.56804024,0.001523749,2555.706138,June,2,11,2
images/segmented_processed/2022_June_isolate/tree11_20220701_leaf3.png,10.98921668,3.60E-04,2361.925316,June,3,11,2
images/segmented_processed/2022_June_isolate/tree12_20220701_leaf1.png,5.603927032,4.72E-04,4912.56516,June,1,12,2
images/segmented_processed/2022_June_isolate/tree12_20220701_leaf2.png,0,0,2664.315154,June,2,12,2
images/segmented_processed/2022_June_isolate/tree12_20220701_leaf3.png,0,2.64E-04,2796.128407,June,3,12,2
images/segmented_processed/2022_June_isolate/tree13_20220701_leaf1.png,8.001769811,2.19E-05,2868.517094,June,1,13,2
images/segmented_processed/2022_June_isolate/tree13_20220701_leaf2.png,0,2.94E-04,2001.098365,June,2,13,2
images/segmented_processed/2022_June_isolate/tree13_20220701_leaf3.png,14.11644811,3.31E-06,2164.051316,June,3,13,2
images/segmented_processed/2022_June_isolate/tree14_20220701_leaf1.png,0,0,2061.022929,June,1,14,2
images/segmented_processed/2022_June_isolate/tree14_20220701_leaf2.png,0,2.09E-06,2567.241948,June,2,14,2
images/segmented_processed/2022_June_isolate/tree14_20220701_leaf3.png,5.369160661,3.72E-05,4042.832817,June,3,14,2
images/segmented_processed/2022_June_isolate/tree15_20220701_leaf1.png,8.931874745,2.49E-04,2971.185266,June,1,15,2
images/segmented_processed/2022_June_isolate/tree15_20220701_leaf2.png,93.4854025,0.001537746,1278.458802,June,2,15,2
images/segmented_processed/2022_June_isolate/tree15_20220701_leaf3.png,17.61823046,5.08E-04,2638.347485,June,3,15,2
images/segmented_processed/2022_June_isolate/tree16_20220701_leaf1.png,47.36366726,3.84E-04,2221.879111,June,1,16,2
images/segmented_processed/2022_June_isolate/tree16_20220701_leaf2.png,31.04471633,0,1952.098501,June,2,16,2
images/segmented_processed/2022_June_isolate/tree16_20220701_leaf3.png,7.089585973,1.57E-04,2471.976981,June,3,16,2
images/segmented_processed/2022_June_isolate/tree17_20220701_leaf1.png,6.51252665,1.17E-06,3068.980693,June,1,17,2
images/segmented_processed/2022_June_isolate/tree17_20220701_leaf2.png,0,0,2183.364882,June,2,17,2
images/segmented_processed/2022_June_isolate/tree17_20220701_leaf3.png,0,0,2548.851318,June,3,17,2
images/segmented_processed/2022_June_isolate/tree18_20220630_leaf1.png,0,0.001060508,3144.828152,June,1,18,2
images/segmented_processed/2022_June_isolate/tree18_20220630_leaf2.png,2.922930921,0,1714.71565,June,2,18,2
images/segmented_processed/2022_June_isolate/tree18_20220630_leaf3.png,0,3.98E-04,2649.890463,June,3,18,2
images/segmented_processed/2022_June_isolate/tree19_20220701_leaf1.png,9.684560819,6.51E-06,3029.532774,June,1,19,2
images/segmented_processed/2022_June_isolate/tree19_20220701_leaf2.png,0,1.41E-04,1791.188556,June,2,19,2
images/segmented_processed/2022_June_isolate/tree19_20220701_leaf3.png,0,2.59E-04,2061.716475,June,3,19,2
images/segmented_processed/2022_June_isolate/tree2_20220701_leaf1.png,0,4.44E-05,2501.812023,June,1,2,2
images/segmented_processed/2022_June_isolate/tree2_20220701_leaf2.png,0,4.08E-04,2531.684699,June,2,2,2
images/segmented_processed/2022_June_isolate/tree2_20220701_leaf3.png,0,7.24E-07,2475.622132,June,3,2,2
images/segmented_processed/2022_June_isolate/tree20_20220701_leaf1.png,33.50528295,6.17E-05,2293.239128,June,1,20,2
images/segmented_processed/2022_June_isolate/tree20_20220701_leaf2.png,0,9.69E-04,2115.436756,June,2,20,2
images/segmented_processed/2022_June_isolate/tree20_20220701_leaf3.png,90.01587812,1.91E-06,2822.214356,June,3,20,2
images/segmented_processed/2022_June_isolate/tree21_20220701_leaf1.png,0,9.21E-05,2588.243682,June,1,21,2
images/segmented_processed/2022_June_isolate/tree21_20220701_leaf2.png,0,0,2483.416017,June,2,21,2
images/segmented_processed/2022_June_isolate/tree21_20220701_leaf3.png,0,0,2158.597926,June,3,21,2
images/segmented_processed/2022_June_isolate/tree22_20220701_leaf1.png,0,2.62E-05,2393.670747,June,1,22,2
images/segmented_processed/2022_June_isolate/tree22_20220701_leaf2.png,12.07344305,2.96E-05,2600.213182,June,2,22,2
images/segmented_processed/2022_June_isolate/tree22_20220701_leaf3.png,0,0,2829.705374,June,3,22,2
images/segmented_processed/2022_June_isolate/tree23_20220701_leaf1.png,0,0.003121923,2894.310929,June,1,23,2
images/segmented_processed/2022_June_isolate/tree23_20220701_leaf2.png,0,0.00536554,2547.779637,June,2,23,2
images/segmented_processed/2022_June_isolate/tree23_20220701_leaf3.png,0,5.29E-05,2944.794659,June,3,23,2
images/segmented_processed/2022_June_isolate/tree24_20220701_leaf1.png,4.89783581,0,3164.894404,June,1,24,2
images/segmented_processed/2022_June_isolate/tree24_20220701_leaf2.png,0,2.44E-04,2823.689262,June,2,24,2
images/segmented_processed/2022_June_isolate/tree24_20220701_leaf3.png,0,0.001060563,3403.200191,June,3,24,2
images/segmented_processed/2022_June_isolate/tree25_20220701_leaf1.png,44.7471871,0.00704279,2609.743622,June,1,25,2
images/segmented_processed/2022_June_isolate/tree25_20220701_leaf2.png,7.686358503,2.08E-05,3275.213093,June,2,25,2
images/segmented_processed/2022_June_isolate/tree26_20220701_leaf1.png,5.288515725,1.97E-04,2593.521445,June,1,26,2
images/segmented_processed/2022_June_isolate/tree26_20220701_leaf2.png,13.12899566,0,3173.295814,June,2,26,2
images/segmented_processed/2022_June_isolate/tree26_20220701_leaf3.png,0,0,3482.144416,June,3,26,2
images/segmented_processed/2022_June_isolate/tree27_20220701_leaf1.png,0,0,2100.528195,June,1,27,2
images/segmented_processed/2022_June_isolate/tree27_20220701_leaf2.png,0,5.74E-05,1529.640898,June,2,27,2
images/segmented_processed/2022_June_isolate/tree27_20220701_leaf3.png,0,8.77E-06,2861.39525,June,3,27,2
images/segmented_processed/2022_June_isolate/tree28_20220701_leaf1.png,0,9.87E-04,2241.307373,June,1,28,2
images/segmented_processed/2022_June_isolate/tree28_20220701_leaf2.png,0,3.70E-04,1960.390593,June,2,28,2
images/segmented_processed/2022_June_isolate/tree28_20220701_leaf3.png,0,2.39E-06,2253.441747,June,3,28,2
images/segmented_processed/2022_June_isolate/tree29_20220701_leaf1.png,0,0,1709.71208,June,1,29,2
images/segmented_processed/2022_June_isolate/tree29_20220701_leaf2.png,0,0,2258.335999,June,2,29,2
images/segmented_processed/2022_June_isolate/tree29_20220701_leaf3.png,2.795691132,1.84E-05,1654.045569,June,3,29,2
images/segmented_processed/2022_June_isolate/tree3_20220701_leaf1.png,32.62356498,1.41E-04,2446.701065,June,1,3,2
images/segmented_processed/2022_June_isolate/tree3_20220701_leaf2.png,23.82430635,4.91E-06,2554.906857,June,2,3,2
images/segmented_processed/2022_June_isolate/tree3_20220701_leaf3.png,0,2.88E-04,2898.153212,June,3,3,2
images/segmented_processed/2022_June_isolate/tree30_20220701_leaf1.png,0,2.13E-04,1410.397502,June,1,30,2
images/segmented_processed/2022_June_isolate/tree30_20220701_leaf2.png,39.41386863,0.001688649,2725.336489,June,2,30,2
images/segmented_processed/2022_June_isolate/tree30_20220701_leaf3.png,0,0,2946.692503,June,3,30,2
images/segmented_processed/2022_June_isolate/tree31_20220701_leaf1.png,0,1.38E-04,1907.378196,June,1,31,2
images/segmented_processed/2022_June_isolate/tree31_20220701_leaf2.png,0,0,1328.740024,June,2,31,2
images/segmented_processed/2022_June_isolate/tree31_20220701_leaf3.png,0,0,2715.062324,June,3,31,2
images/segmented_processed/2022_June_isolate/tree32_20220701_leaf1.png,0,0,2318.898554,June,1,32,2
images/segmented_processed/2022_June_isolate/tree32_20220701_leaf2.png,0,0,2620.870831,June,2,32,2
images/segmented_processed/2022_June_isolate/tree33_20220701_leaf1.png,0,0,3422.942072,June,1,33,2
images/segmented_processed/2022_June_isolate/tree33_20220701_leaf2.png,0,1.90E-04,2494.684803,June,2,33,2
images/segmented_processed/2022_June_isolate/tree33_20220701_leaf3.png,0,0,2839.922192,June,3,33,2
images/segmented_processed/2022_June_isolate/tree34_20220701_leaf1.png,17.17916358,0,2890.861118,June,1,34,2
images/segmented_processed/2022_June_isolate/tree34_20220701_leaf2.png,0,5.17E-06,2426.271015,June,2,34,2
images/segmented_processed/2022_June_isolate/tree34_20220701_leaf3.png,0,0,2362.959363,June,3,34,2
images/segmented_processed/2022_June_isolate/tree35_20220701_leaf1.png,0,0,3385.96368,June,1,35,2
images/segmented_processed/2022_June_isolate/tree35_20220701_leaf2.png,0,0.003854902,2977.627901,June,2,35,2
images/segmented_processed/2022_June_isolate/tree35_20220701_leaf3.png,0,2.21E-06,3250.872659,June,3,35,2
images/segmented_processed/2022_June_isolate/tree36_20220701_leaf2.png,9.168433225,2.20E-06,3255.395944,June,2,36,2
images/segmented_processed/2022_June_isolate/tree37_20220701_leaf1.png,0,1.21E-04,2457.563042,June,1,37,2
images/segmented_processed/2022_June_isolate/tree37_20220701_leaf3.png,0,2.26E-05,1424.198539,June,3,37,2
images/segmented_processed/2022_June_isolate/tree38_20220701_leaf1.png,0,1.74E-05,1953.666597,June,1,38,2
images/segmented_processed/2022_June_isolate/tree38_20220701_leaf2.png,2.051965607,3.96E-04,1813.369497,June,2,38,2
images/segmented_processed/2022_June_isolate/tree38_20220701_leaf3.png,35.41567189,7.23E-06,2229.737512,June,3,38,2
images/segmented_processed/2022_June_isolate/tree39_20220701_leaf1.png,25.52143424,1.44E-05,2859.259055,June,1,39,2
images/segmented_processed/2022_June_isolate/tree39_20220701_leaf2.png,23.82789057,2.21E-04,2386.968257,June,2,39,2
images/segmented_processed/2022_June_isolate/tree39_20220701_leaf3.png,10.63796318,5.23E-06,3766.299538,June,3,39,2
images/segmented_processed/2022_June_isolate/tree4_20220701_leaf1.png,0,3.01E-04,2616.664749,June,1,4,2
images/segmented_processed/2022_June_isolate/tree4_20220701_leaf2.png,0,3.96E-06,1810.419685,June,2,4,2
images/segmented_processed/2022_June_isolate/tree4_20220701_leaf3.png,0,4.37E-06,2050.298944,June,3,4,2
images/segmented_processed/2022_June_isolate/tree40_20220701_leaf1.png,18.51786953,5.67E-05,2022.501531,June,1,40,2
images/segmented_processed/2022_June_isolate/tree40_20220701_leaf2.png,5.31898159,1.92E-05,2058.582076,June,2,40,2
images/segmented_processed/2022_June_isolate/tree40_20220701_leaf3.png,5.114681084,2.22E-05,2098.893791,June,3,40,2
images/segmented_processed/2022_June_isolate/tree41_20220701_leaf1.png,3.424721637,7.77E-05,2974.264111,June,1,41,2
images/segmented_processed/2022_June_isolate/tree41_20220701_leaf2.png,0,2.43E-04,2650.591178,June,2,41,2
images/segmented_processed/2022_June_isolate/tree41_20220701_leaf3.png,0,0.001212095,2815.106848,June,3,41,2
images/segmented_processed/2022_June_isolate/tree42_20220701_leaf1.png,11.77953706,8.89E-05,3145.080839,June,1,42,2
images/segmented_processed/2022_June_isolate/tree42_20220701_leaf2.png,0,4.77E-05,2218.140771,June,2,42,2
images/segmented_processed/2022_June_isolate/tree42_20220701_leaf3.png,12.22756448,1.33E-04,2325.737245,June,3,42,2
images/segmented_processed/2022_June_isolate/tree44_20220630_leaf2.png,0,6.92E-06,1035.242634,June,2,44,2
images/segmented_processed/2022_June_isolate/tree44_20220630_leaf3.png,0,3.24E-04,913.9795312,June,3,44,2
images/segmented_processed/2022_June_isolate/tree45_20220701_leaf1.png,15.18275338,1.39E-04,2511.801242,June,1,45,2
images/segmented_processed/2022_June_isolate/tree45_20220701_leaf2.png,0,3.72E-06,2891.889789,June,2,45,2
images/segmented_processed/2022_June_isolate/tree45_20220701_leaf3.png,6.666648084,2.35E-05,3049.873219,June,3,45,2
images/segmented_processed/2022_June_isolate/tree46_20220701_leaf1.png,40.59486892,7.17E-05,2674.727311,June,1,46,2
images/segmented_processed/2022_June_isolate/tree46_20220701_leaf2.png,142.2773812,0.002454674,2666.254217,June,2,46,2
images/segmented_processed/2022_June_isolate/tree46_20220701_leaf3.png,67.43708801,6.83E-07,2625.716695,June,3,46,2
images/segmented_processed/2022_June_isolate/tree47_20220701_leaf1.png,0,2.66E-06,2699.227243,June,1,47,2
images/segmented_processed/2022_June_isolate/tree47_20220701_leaf2.png,0,2.11E-06,1699.6458,June,2,47,2
images/segmented_processed/2022_June_isolate/tree47_20220701_leaf3.png,0,5.49E-06,2283.278582,June,3,47,2
images/segmented_processed/2022_June_isolate/tree48_20220630_leaf3.png,0,0.001206413,3140.317412,June,3,48,2
images/segmented_processed/2022_June_isolate/tree49_20220701_leaf1.png,0,5.33E-06,1009.50077,June,1,49,2
images/segmented_processed/2022_June_isolate/tree49_20220701_leaf2.png,0,6.24E-06,861.1194635,June,2,49,2
images/segmented_processed/2022_June_isolate/tree49_20220701_leaf3.png,0,0,761.6896331,June,3,49,2
images/segmented_processed/2022_June_isolate/tree5_20220701_leaf1.png,0,1.02E-05,2636.691575,June,1,5,2
images/segmented_processed/2022_June_isolate/tree5_20220701_leaf2.png,0,0,2558.976738,June,2,5,2
images/segmented_processed/2022_June_isolate/tree5_20220701_leaf3.png,0,1.87E-05,1918.971354,June,3,5,2
images/segmented_processed/2022_June_isolate/tree51_20220701_leaf1.png,295.4830473,1.97E-05,2269.493674,June,1,51,2
images/segmented_processed/2022_June_isolate/tree51_20220701_leaf2.png,49.6253097,3.53E-06,2535.639886,June,2,51,2
images/segmented_processed/2022_June_isolate/tree52_20220701_leaf1.png,5.430092391,3.37E-06,3193.100419,June,1,52,2
images/segmented_processed/2022_June_isolate/tree52_20220701_leaf2.png,3.365582017,5.97E-05,1592.208824,June,2,52,2
images/segmented_processed/2022_June_isolate/tree53_20220630_leaf3.png,0,3.90E-06,3672.516645,June,3,53,2
images/segmented_processed/2022_June_isolate/tree54_20220701_leaf1.png,22.0967126,2.71E-06,1986.168299,June,1,54,2
images/segmented_processed/2022_June_isolate/tree54_20220701_leaf2.png,49.26509565,7.41E-06,3386.169773,June,2,54,2
images/segmented_processed/2022_June_isolate/tree54_20220701_leaf3.png,0,2.04E-06,2640.498016,June,3,54,2
images/segmented_processed/2022_June_isolate/tree55_20220701_leaf1.png,18.19170556,9.69E-04,2781.916977,June,1,55,2
images/segmented_processed/2022_June_isolate/tree55_20220701_leaf2.png,112.1699382,0,2937.868155,June,2,55,2
images/segmented_processed/2022_June_isolate/tree55_20220701_leaf3.png,8.132593819,1.64E-06,3274.877968,June,3,55,2
images/segmented_processed/2022_June_isolate/tree56_20220701_leaf1.png,6.062707115,3.34E-05,2521.747451,June,1,56,2
images/segmented_processed/2022_June_isolate/tree56_20220701_leaf2.png,0,6.51E-05,2091.718184,June,2,56,2
images/segmented_processed/2022_June_isolate/tree56_20220701_leaf3.png,7.136180825,9.49E-06,2831.755548,June,3,56,2
images/segmented_processed/2022_June_isolate/tree57_20220701_leaf2.png,0,1.13E-04,3481.251945,June,2,57,2
images/segmented_processed/2022_June_isolate/tree57_20220701_leaf3.png,0,0.002326365,3487.363039,June,3,57,2
images/segmented_processed/2022_June_isolate/tree58_20220701_leaf1.png,27.70601596,2.96E-06,2423.50579,June,1,58,2
images/segmented_processed/2022_June_isolate/tree59_20220701_leaf1.png,0,1.16E-05,1703.860842,June,1,59,2
images/segmented_processed/2022_June_isolate/tree59_20220701_leaf2.png,8.591373902,7.56E-04,1547.717908,June,2,59,2
images/segmented_processed/2022_June_isolate/tree59_20220701_leaf3.png,0,1.71E-05,1995.95501,June,3,59,2
images/segmented_processed/2022_June_isolate/tree6_20220701_leaf1.png,4.168447162,1.59E-05,2487.213497,June,1,6,2
images/segmented_processed/2022_June_isolate/tree6_20220701_leaf2.png,11.44620465,0,3044.523772,June,2,6,2
images/segmented_processed/2022_June_isolate/tree6_20220701_leaf3.png,47.70237599,6.59E-05,2174.993937,June,3,6,2
images/segmented_processed/2022_June_isolate/tree60_20220701_leaf1.png,0,1.61E-04,2353.803475,June,1,60,2
images/segmented_processed/2022_June_isolate/tree60_20220701_leaf2.png,2.777770035,8.04E-04,2687.304337,June,2,60,2
images/segmented_processed/2022_June_isolate/tree60_20220701_leaf3.png,0,2.60E-06,2071.671645,June,3,60,2
images/segmented_processed/2022_June_isolate/tree61_20220701_leaf1.png,0,1.04E-05,3089.953753,June,1,61,2
images/segmented_processed/2022_June_isolate/tree61_20220701_leaf2.png,4.874538384,3.22E-04,2013.13955,June,2,61,2
images/segmented_processed/2022_June_isolate/tree61_20220701_leaf3.png,4.039415264,1.79E-05,3097.908928,June,3,61,2
images/segmented_processed/2022_June_isolate/tree62_20220701_leaf1.png,0,2.23E-04,3878.388831,June,1,62,2
images/segmented_processed/2022_June_isolate/tree62_20220701_leaf2.png,4.788517118,4.32E-05,2488.018154,June,2,62,2
images/segmented_processed/2022_June_isolate/tree62_20220701_leaf3.png,37.01602585,1.47E-04,2662.058888,June,3,62,2
images/segmented_processed/2022_June_isolate/tree63_20220701_leaf1.png,0,4.28E-06,3349.001418,June,1,63,2
images/segmented_processed/2022_June_isolate/tree63_20220701_leaf2.png,0,1.52E-04,2868.93824,June,2,63,2
images/segmented_processed/2022_June_isolate/tree63_20220701_leaf3.png,0,1.54E-04,2749.275491,June,3,63,2
images/segmented_processed/2022_June_isolate/tree64_20220701_leaf1.png,12.48383617,2.94E-05,1953.231115,June,1,64,2
images/segmented_processed/2022_June_isolate/tree64_20220701_leaf2.png,2.804651681,1.64E-05,1964.793806,June,2,64,2
images/segmented_processed/2022_June_isolate/tree64_20220701_leaf3.png,3.112894549,2.72E-05,2763.400899,June,3,64,2
images/segmented_processed/2022_June_isolate/tree65_20220701_leaf2.png,12.06806672,2.18E-05,1968.779458,June,2,65,2
images/segmented_processed/2022_June_isolate/tree65_20220701_leaf3.png,5.698908846,6.87E-07,2609.248999,June,3,65,2
images/segmented_processed/2022_June_isolate/tree66_20220701_leaf1.png,8.161267574,2.12E-05,1857.507367,June,1,66,2
images/segmented_processed/2022_June_isolate/tree66_20220701_leaf2.png,0,2.51E-06,2143.87216,June,2,66,2
images/segmented_processed/2022_June_isolate/tree7_20220701_leaf1.png,36.60204851,7.46E-04,1642.482877,June,1,7,2
images/segmented_processed/2022_June_isolate/tree7_20220701_leaf2.png,41.89056424,0.001265434,1208.01993,June,2,7,2
images/segmented_processed/2022_June_isolate/tree8_20220701_leaf1.png,0,1.13E-05,2227.588773,June,1,8,2
images/segmented_processed/2022_June_isolate/tree8_20220701_leaf2.png,3.897838598,0,2776.305881,June,2,8,2
images/segmented_processed/2022_June_isolate/tree8_20220701_leaf3.png,0,7.07E-05,2482.994871,June,3,8,2
images/segmented_processed/2022_June_isolate/tree9_20220701_leaf1.png,27.33325714,2.41E-04,2435.749483,June,1,9,2
images/segmented_processed/2022_June_isolate/tree9_20220701_leaf2.png,0,1.29E-05,2353.740751,June,2,9,2
images/segmented_processed/2022_June_isolate/tree9_20220701_leaf3.png,0,0.001060605,1652.531236,June,3,9,2
images/segmented_processed/2022_August_isolate/tree1_20220816_leaf1.png,14.91931325,0.012084834,3086.000359,August,1,1,3
images/segmented_processed/2022_August_isolate/tree1_20220816_leaf2.png,2.833325436,0.001346215,2239.11383,August,2,1,3
images/segmented_processed/2022_August_isolate/tree1_20220816_leaf3.png,21.25442104,2.95E-04,3737.779904,August,3,1,3
images/segmented_processed/2022_August_isolate/tree10_20220816_leaf2.png,0,1.49E-04,5153.879899,August,2,10,3
images/segmented_processed/2022_August_isolate/tree10_20220816_leaf3.png,20.3601583,0.002931197,2925.509767,August,3,10,3
images/segmented_processed/2022_August_isolate/tree11_20220816_leaf1.png,6.965930404,0.001926325,2861.681987,August,1,11,3
images/segmented_processed/2022_August_isolate/tree11_20220816_leaf2.png,4.894251591,2.64E-04,1863.229573,August,2,11,3
images/segmented_processed/2022_August_isolate/tree11_20220816_leaf3.png,0,0.007231844,2849.545821,August,3,11,3
images/segmented_processed/2022_August_isolate/tree12_20220816_leaf1.png,0,6.32E-04,6107.776882,August,1,12,3
images/segmented_processed/2022_August_isolate/tree12_20220816_leaf2.png,15.61823604,3.45E-04,3362.797078,August,2,12,3
images/segmented_processed/2022_August_isolate/tree12_20220816_leaf3.png,7.173815129,1.21E-04,3512.696302,August,3,12,3
images/segmented_processed/2022_August_isolate/tree13_20220816_leaf1.png,0,0.004767115,2938.658475,August,1,13,3
images/segmented_processed/2022_August_isolate/tree13_20220816_leaf2.png,0,0.003379492,2864.094167,August,2,13,3
images/segmented_processed/2022_August_isolate/tree14_20220816_leaf1.png,9.901406093,7.27E-05,3253.621755,August,1,14,3
images/segmented_processed/2022_August_isolate/tree14_20220816_leaf3.png,0,0.002825889,4224.242706,August,3,14,3
images/segmented_processed/2022_August_isolate/tree15_2022816_leaf1.png,34.88520742,0.009510914,2130.916999,August,1,15,3
images/segmented_processed/2022_August_isolate/tree15_2022816_leaf2.png,87.7954542,0.007908118,2446.324722,August,2,15,3
images/segmented_processed/2022_August_isolate/tree15_2022816_leaf3.png,0,0.002574723,3968.123348,August,3,15,3
images/segmented_processed/2022_August_isolate/tree16_20220816_leaf1.png,0,0.00165634,3442.827321,August,1,16,3
images/segmented_processed/2022_August_isolate/tree16_20220816_leaf3.png,20.70961969,0.004375603,3113.950102,August,3,16,3
images/segmented_processed/2022_August_isolate/tree17_20220816_leaf1.png,102.0911133,3.29E-04,4471.620152,August,1,17,3
images/segmented_processed/2022_August_isolate/tree17_20220816_leaf2.png,0,0.002850747,3527.33067,August,2,17,3
images/segmented_processed/2022_August_isolate/tree17_20220816_leaf3.png,0,1.59E-04,4007.433274,August,3,17,3
images/segmented_processed/2022_August_isolate/tree18_20220816_leaf1.png,0,0.003075009,3127.878378,August,1,18,3
images/segmented_processed/2022_August_isolate/tree18_20220816_leaf2.png,0,0.00285733,2276.09939,August,2,18,3
images/segmented_processed/2022_August_isolate/tree18_20220816_leaf3.png,0,0.003501532,2049.788193,August,3,18,3
images/segmented_processed/2022_August_isolate/tree19_20220816_leaf1.png,0,0.003186758,4057.999441,August,1,19,3
images/segmented_processed/2022_August_isolate/tree19_20220816_leaf2.png,0,2.59E-04,2940.929078,August,2,19,3
images/segmented_processed/2022_August_isolate/tree2_20220816_leaf2.png,0,0.002859314,3853.333345,August,2,2,3
images/segmented_processed/2022_August_isolate/tree2_20220816_leaf3.png,0,0.002717195,3926.924538,August,3,2,3
images/segmented_processed/2022_August_isolate/tree20_20220816_leaf2.png,0,0.003084697,3438.167836,August,2,20,3
images/segmented_processed/2022_August_isolate/tree20_20220816_leaf3.png,42.9174431,0.00321743,3204.980314,August,3,20,3
images/segmented_processed/2022_August_isolate/tree21_20220816_leaf1.png,0,0.001131678,5354.10694,August,1,21,3
images/segmented_processed/2022_August_isolate/tree21_20220816_leaf2.png,0,0.002560477,3804.023447,August,2,21,3
images/segmented_processed/2022_August_isolate/tree21_20220816_leaf3.png,0,0.001321021,3139.195551,August,3,21,3
images/segmented_processed/2022_August_isolate/tree22_20220816_leaf1.png,0,0.003530491,2661.902974,August,1,22,3
images/segmented_processed/2022_August_isolate/tree22_20220816_leaf2.png,0,4.96E-05,2674.714767,August,2,22,3
images/segmented_processed/2022_August_isolate/tree22_20220816_leaf3.png,0,0.004103624,2980.572337,August,3,22,3
images/segmented_processed/2022_August_isolate/tree23_20220816_leaf1.png,0,0.004624057,3779.894482,August,1,23,3
images/segmented_processed/2022_August_isolate/tree23_20220816_leaf2.png,0,0.006218121,4506.125432,August,2,23,3
images/segmented_processed/2022_August_isolate/tree23_20220816_leaf3.png,0,9.27E-05,5023.944778,August,3,23,3
images/segmented_processed/2022_August_isolate/tree24_20220816_leaf2.png,6.448010701,0.002893534,3658.498763,August,2,24,3
images/segmented_processed/2022_August_isolate/tree24_20220816_leaf3.png,0,3.12E-05,5404.735831,August,3,24,3
images/segmented_processed/2022_August_isolate/tree25_20220816_leaf1.png,113.7326579,3.01E-05,3395.881215,August,1,25,3
images/segmented_processed/2022_August_isolate/tree25_20220816_leaf2.png,6.440842262,1.34E-04,4756.067388,August,2,25,3
images/segmented_processed/2022_August_isolate/tree25_20220816_leaf3.png,10.8458479,8.96E-06,3398.852533,August,3,25,3
images/segmented_processed/2022_August_isolate/tree26_20220817_leaf1.png,25.90852993,4.32E-05,2487.329984,August,1,26,3
images/segmented_processed/2022_August_isolate/tree26_20220817_leaf2.png,0,3.92E-05,3752.208179,August,2,26,3
images/segmented_processed/2022_August_isolate/tree26_20220817_leaf3.png,0,2.55E-05,4070.931305,August,3,26,3
images/segmented_processed/2022_August_isolate/tree27_20220816_leaf1.png,0,8.49E-05,3714.109719,August,1,27,3
images/segmented_processed/2022_August_isolate/tree27_20220816_leaf2.png,0,8.44E-05,4418.819224,August,2,27,3
images/segmented_processed/2022_August_isolate/tree27_20220816_leaf3.png,0,7.74E-05,1805.500344,August,3,27,3
images/segmented_processed/2022_August_isolate/tree28_20220816_leaf1.png,0,4.06E-04,2478.213522,August,1,28,3
images/segmented_processed/2022_August_isolate/tree28_20220816_leaf2.png,0,1.37E-05,3403.320263,August,2,28,3
images/segmented_processed/2022_August_isolate/tree28_20220816_leaf3.png,0,2.01E-05,2680.97819,August,3,28,3
images/segmented_processed/2022_August_isolate/tree29_20220817_leaf1.png,0,3.00E-04,2516.926676,August,1,29,3
images/segmented_processed/2022_August_isolate/tree29_20220817_leaf2.png,0,2.00E-06,2691.815077,August,2,29,3
images/segmented_processed/2022_August_isolate/tree29_20220817_leaf3.png,0,3.27E-04,1853.073688,August,3,29,3
images/segmented_processed/2022_August_isolate/tree3_20220816_leaf1.png,49.5141989,0.003328302,4978.468202,August,1,3,3
images/segmented_processed/2022_August_isolate/tree3_20220816_leaf2.png,131.4996335,9.12E-05,2790.27,August,2,3,3
images/segmented_processed/2022_August_isolate/tree3_20220816_leaf3.png,0,0.003790002,3718.034439,August,3,3,3
images/segmented_processed/2022_August_isolate/tree30_20220816_leaf1.png,31.91747376,0,3607.25697,August,1,30,3
images/segmented_processed/2022_August_isolate/tree30_20220816_leaf2.png,0,9.42E-05,1902.066383,August,2,30,3
images/segmented_processed/2022_August_isolate/tree31_20220816_leaf1.png,0,1.45E-04,3592.886043,August,1,31,3
images/segmented_processed/2022_August_isolate/tree31_20220816_leaf2.png,0,3.27E-05,3344.904655,August,2,31,3
images/segmented_processed/2022_August_isolate/tree31_20220816_leaf3.png,0,0,3090.525436,August,3,31,3
images/segmented_processed/2022_August_isolate/tree32_20220816_leaf1.png,0,2.80E-04,3638.188784,August,1,32,3
images/segmented_processed/2022_August_isolate/tree32_20220816_leaf2.png,0,6.48E-04,2751.230682,August,2,32,3
images/segmented_processed/2022_August_isolate/tree32_20220816_leaf3.png,0,4.58E-04,2217.592385,August,3,32,3
images/segmented_processed/2022_August_isolate/tree33_20220815_leaf1.png,0,5.79E-06,4952.349995,August,1,33,3
images/segmented_processed/2022_August_isolate/tree33_20220815_leaf2.png,18.51070109,5.91E-06,3029.780085,August,2,33,3
images/segmented_processed/2022_August_isolate/tree33_20220815_leaf3.png,5.838693403,1.83E-04,2579.408581,August,3,33,3
images/segmented_processed/2022_August_isolate/tree34_20220815_leaf1.png,21.03399155,4.34E-05,4253.755168,August,1,34,3
images/segmented_processed/2022_August_isolate/tree35_20220816_leaf1.png,0,1.32E-05,3922.514156,August,1,35,3
images/segmented_processed/2022_August_isolate/tree35_20220816_leaf2.png,0,5.42E-04,3023.330282,August,2,35,3
images/segmented_processed/2022_August_isolate/tree35_20220816_leaf3.png,0,2.60E-04,3916.07869,August,3,35,3
images/segmented_processed/2022_August_isolate/tree36_20220817_leaf1.png,0,4.36E-06,5348.508389,August,1,36,3
images/segmented_processed/2022_August_isolate/tree36_20220817_leaf2.png,4.655901001,1.36E-05,3690.217312,August,2,36,3
images/segmented_processed/2022_August_isolate/tree36_20220817_leaf3.png,0,1.33E-05,3774.605966,August,3,36,3
images/segmented_processed/2022_August_isolate/tree37_20220816_leaf1.png,0,0.001652192,1914.471366,August,1,37,3
images/segmented_processed/2022_August_isolate/tree37_20220816_leaf2.png,21.84581724,6.61E-04,4252.097467,August,2,37,3
images/segmented_processed/2022_August_isolate/tree37_20220816_leaf3.png,0,2.82E-04,800.6913165,August,3,37,3
images/segmented_processed/2022_August_isolate/tree38_20220817_leaf1.png,0,0.001561481,2189.809308,August,1,38,3
images/segmented_processed/2022_August_isolate/tree38_20220817_leaf3.png,0,5.13E-05,3632.561559,August,3,38,3
images/segmented_processed/2022_August_isolate/tree39_20220816_leaf1.png,61.75072393,0.001038753,4718.560324,August,1,39,3
images/segmented_processed/2022_August_isolate/tree39_20220816_leaf2.png,29.08235621,1.01E-05,3015.185144,August,2,39,3
images/segmented_processed/2022_August_isolate/tree39_20220816_leaf3.png,33.06980029,7.82E-05,4009.021083,August,3,39,3
images/segmented_processed/2022_August_isolate/tree4_20220816_leaf1.png,0,0.003138409,3183.464245,August,1,4,3
images/segmented_processed/2022_August_isolate/tree4_20220816_leaf3.png,40.32605247,7.96E-05,2857.864794,August,3,4,3
images/segmented_processed/2022_August_isolate/tree41_20220816_leaf1.png,0,1.81E-05,4649.879512,August,1,41,3
images/segmented_processed/2022_August_isolate/tree41_20220816_leaf2.png,0,0.001373707,4041.587301,August,2,41,3
images/segmented_processed/2022_August_isolate/tree41_20220816_leaf3.png,0,6.90E-06,3374.137548,August,3,41,3
images/segmented_processed/2022_August_isolate/tree42_20220816_leaf1.png,15.07343469,2.69E-04,3454.796822,August,1,42,3
images/segmented_processed/2022_August_isolate/tree42_20220816_leaf3.png,0,5.02E-06,2853.726813,August,3,42,3
images/segmented_processed/2022_August_isolate/tree43_20220816_leaf1.png,0,8.44E-06,1061.552597,August,1,43,3
images/segmented_processed/2022_August_isolate/tree44_20220816_leaf1.png,0,7.71E-04,2162.67856,August,1,44,3
images/segmented_processed/2022_August_isolate/tree44_20220816_leaf2.png,0,0.002953822,3082.081015,August,2,44,3
images/segmented_processed/2022_August_isolate/tree44_20220816_leaf3.png,0,2.27E-06,3155.536007,August,3,44,3
images/segmented_processed/2022_August_isolate/tree45_20220817_leaf1.png,0,1.61E-05,3230.512501,August,1,45,3
images/segmented_processed/2022_August_isolate/tree45_20220817_leaf2.png,34.25080059,9.30E-05,2197.155166,August,2,45,3
images/segmented_processed/2022_August_isolate/tree45_20220817_leaf3.png,0,8.51E-05,3726.951977,August,3,45,3
images/segmented_processed/2022_August_isolate/tree46_20220817_leaf1.png,66.96397105,6.83E-05,3911.872609,August,1,46,3
images/segmented_processed/2022_August_isolate/tree46_20220817_leaf2.png,0,3.39E-05,2745.422455,August,2,46,3
images/segmented_processed/2022_August_isolate/tree46_20220817_leaf3.png,4.535829651,4.63E-04,3188.172117,August,3,46,3
images/segmented_processed/2022_August_isolate/tree47_20220816_leaf1.png,0,7.74E-06,4166.017061,August,1,47,3
images/segmented_processed/2022_August_isolate/tree47_20220816_leaf3.png,0,0,3858.08602,August,3,47,3
images/segmented_processed/2022_August_isolate/tree48_20220816_leaf1.png,0,3.83E-04,3190.516196,August,1,48,3
images/segmented_processed/2022_August_isolate/tree48_20220816_leaf2.png,0,0.001809621,3512.676589,August,2,48,3
images/segmented_processed/2022_August_isolate/tree48_20220816_leaf3.png,0,5.55E-05,4228.294666,August,3,48,3
images/segmented_processed/2022_August_isolate/tree49_20220816_leaf1.png,0,0,626.650583,August,1,49,3
images/segmented_processed/2022_August_isolate/tree49_20220816_leaf2.png,0,1.18E-04,1244.163199,August,2,49,3
images/segmented_processed/2022_August_isolate/tree49_20220816_leaf3.png,0,0,556.5916385,August,3,49,3
images/segmented_processed/2022_August_isolate/tree5_20220816_leaf1.png,7.88349057,0.002671768,4341.815855,August,1,5,3
images/segmented_processed/2022_August_isolate/tree5_20220816_leaf2.png,0,0.002574177,3556.821627,August,2,5,3
images/segmented_processed/2022_August_isolate/tree5_20220816_leaf3.png,8.83868504,0.00290972,3614.127919,August,3,5,3
images/segmented_processed/2022_August_isolate/tree51_20220817_leaf1.png,8.116464831,8.65E-04,3973.594659,August,1,51,3
images/segmented_processed/2022_August_isolate/tree51_20220817_leaf2.png,7.476681668,0.001003432,3023.663615,August,2,51,3
images/segmented_processed/2022_August_isolate/tree51_20220817_leaf3.png,3.025081174,1.54E-04,2494.634623,August,3,51,3
images/segmented_processed/2022_August_isolate/tree52_20220817_leaf1.png,0,1.90E-04,3631.948658,August,1,52,3
images/segmented_processed/2022_August_isolate/tree52_20220817_leaf2.png,0,4.87E-05,2979.509616,August,2,52,3
images/segmented_processed/2022_August_isolate/tree52_20220817_leaf3.png,7.218617872,0.001142027,2512.346044,August,3,52,3
images/segmented_processed/2022_August_isolate/tree53_20220816_leaf2.png,111.8867849,1.12E-05,4301.113459,August,2,53,3
images/segmented_processed/2022_August_isolate/tree53_20220816_leaf3.png,0,0.001096866,3102.672355,August,3,53,3
images/segmented_processed/2022_August_isolate/tree54_20220816_leaf1.png,49.60022017,3.74E-05,3067.778187,August,1,54,3
images/segmented_processed/2022_August_isolate/tree54_20220816_leaf2.png,0,0.001807305,3114.591677,August,2,54,3
images/segmented_processed/2022_August_isolate/tree54_20220816_leaf3.png,50.24717177,1.50E-04,2991.525712,August,3,54,3
images/segmented_processed/2022_August_isolate/tree55_20220817_leaf2.png,12.2311487,3.70E-05,2855.638994,August,2,55,3
images/segmented_processed/2022_August_isolate/tree55_20220817_leaf3.png,0,2.52E-04,2758.832812,August,3,55,3
images/segmented_processed/2022_August_isolate/tree56_20220816_leaf1.png,12.32792263,0.002909848,4080.804037,August,1,56,3
images/segmented_processed/2022_August_isolate/tree56_20220816_leaf3.png,0,7.51E-05,3701.217282,August,3,56,3
images/segmented_processed/2022_August_isolate/tree57_20220817_leaf1.png,0,2.12E-06,2537.225903,August,1,57,3
images/segmented_processed/2022_August_isolate/tree57_20220817_leaf2.png,5.216831337,1.88E-05,3423.929524,August,2,57,3
images/segmented_processed/2022_August_isolate/tree57_20220817_leaf3.png,0,3.82E-06,3757.016409,August,3,57,3
images/segmented_processed/2022_August_isolate/tree58_20220816_leaf1.png,137.55338,7.48E-06,2876.945386,August,1,58,3
images/segmented_processed/2022_August_isolate/tree58_20220816_leaf2.png,17.59134882,4.01E-05,3394.434983,August,2,58,3
images/segmented_processed/2022_August_isolate/tree58_20220816_leaf3.png,0,1.24E-06,4346.150968,August,3,58,3
images/segmented_processed/2022_August_isolate/tree59_20220816_leaf1.png,0,0.003774632,2248.545704,August,1,59,3
images/segmented_processed/2022_August_isolate/tree59_20220816_leaf3.png,0,9.25E-05,3467.691051,August,3,59,3
images/segmented_processed/2022_August_isolate/tree6_20220816_leaf1.png,34.35832717,0.003430843,2451.923273,August,1,6,3
images/segmented_processed/2022_August_isolate/tree6_20220816_leaf2.png,0,1.51E-05,2129.578293,August,2,6,3
images/segmented_processed/2022_August_isolate/tree6_20220816_leaf3.png,0,3.03E-05,4255.507851,August,3,6,3
images/segmented_processed/2022_August_isolate/tree60_20220816_leaf1.png,4.30106328,0.00300776,3709.629445,August,1,60,3
images/segmented_processed/2022_August_isolate/tree60_20220816_leaf2.png,0,2.09E-05,2738.325701,August,2,60,3
images/segmented_processed/2022_August_isolate/tree60_20220816_leaf3.png,0,0.003365657,2531.892584,August,3,60,3
images/segmented_processed/2022_August_isolate/tree61_20220816_leaf1.png,0,0.002930127,4338.18504,August,1,61,3
images/segmented_processed/2022_August_isolate/tree61_20220816_leaf3.png,0,5.49E-05,3429.899042,August,3,61,3
images/segmented_processed/2022_August_isolate/tree62_20220816_leaf1.png,0,2.97E-04,3550.149602,August,1,62,3
images/segmented_processed/2022_August_isolate/tree62_20220816_leaf2.png,0,0.003922596,3612.914661,August,2,62,3
images/segmented_processed/2022_August_isolate/tree62_20220816_leaf3.png,50.11993198,0.002953389,3623.188825,August,3,62,3
images/segmented_processed/2022_August_isolate/tree63_20220816_leaf2.png,0,1.73E-04,2866.002764,August,2,63,3
images/segmented_processed/2022_August_isolate/tree64_20220817_leaf1.png,41.30812859,2.91E-05,2957.282079,August,1,64,3
images/segmented_processed/2022_August_isolate/tree64_20220817_leaf3.png,3.299273958,4.47E-06,2003.189757,August,3,64,3
images/segmented_processed/2022_August_isolate/tree65_20220815_leaf1.png,5.293892054,1.04E-04,2184.708964,August,1,65,3
images/segmented_processed/2022_August_isolate/tree65_20220815_leaf2.png,15.54117532,0.00285764,3665.570428,August,2,65,3
images/segmented_processed/2022_August_isolate/tree65_20220815_leaf3.png,7.198904665,0.003102833,3534.163984,August,3,65,3
images/segmented_processed/2022_August_isolate/tree66_20220816_leaf3.png,0,0.002894492,3591.658447,August,3,66,3
images/segmented_processed/2022_August_isolate/tree7_20220816_leaf1.png,0,0.001717924,787.6035394,August,1,7,3
images/segmented_processed/2022_August_isolate/tree7_20220816_leaf2.png,27.47841803,1.26E-04,1506.237737,August,2,7,3
images/segmented_processed/2022_August_isolate/tree7_20220816_leaf3.png,0,0.006282988,868.5316292,August,3,7,3
images/segmented_processed/2022_August_isolate/tree8_20220816_leaf1.png,0,0.002792537,2691.497874,August,1,8,3
images/segmented_processed/2022_August_isolate/tree8_20220816_leaf2.png,0,0.001452884,3722.65629,August,2,8,3
images/segmented_processed/2022_August_isolate/tree8_20220816_leaf3.png,0,2.07E-04,3823.802962,August,3,8,3
images/segmented_processed/2022_August_isolate/tree9_20220815_leaf1.png,0,0.004227676,2513.724176,August,1,9,3
images/segmented_processed/2022_August_isolate/tree9_20220815_leaf2.png,6.105717748,0.003372718,2771.546038,August,2,9,3
images/segmented_processed/2022_August_isolate/tree9_20220815_leaf3.png,61.32957815,3.58E-04,3551.282216,August,3,9,3
images/segmented_processed/2022_May_isolate/tree7_20220517_leaf3.png,0,3.81E-04,931.880915,May,3,7,1
images/segmented_processed/2022_May_isolate/tree8_20220517_leaf1.png,1.313616,0.003765657,2104.469044,May,1,8,1
images/segmented_processed/2022_May_isolate/tree11_20220517_leaf3.png,9.876317,1.50E-05,2389.190473,May,3,11,1
images/segmented_processed/2022_May_isolate/tree12_20220517_leaf3.png,0,2.26E-06,2382.955723,May,3,12,1
images/segmented_processed/2022_May_isolate/tree14_20220517_leaf3.png,1.218634596,0.051051756,1993.929926,May,3,14,1
images/segmented_processed/2022_May_isolate/tree15_20220517_leaf3.png,1.001789322,4.95E-04,2184.535129,May,3,15,1
images/segmented_processed/2022_May_isolate/tree16_20220517_leaf2.png,10.72398444,0.008518586,2050.539087,May,2,16,1
images/segmented_processed/2022_May_isolate/tree17_20220517_leaf3.png,10.80642149,1.28E-04,2176.99214,May,3,17,1
images/segmented_processed/2022_May_isolate/tree19_20220517_leaf3.png,2.894257166,0.139088752,1715.629626,May,3,19,1
images/segmented_processed/2022_May_isolate/tree22_20220517_leaf1.png,7.353026099,2.04E-04,2078.245103,May,1,22,1
images/segmented_processed/2022_May_isolate/tree26_20220517_leaf3.png,11.03401942,2.38E-04,2413.382162,May,3,26,1
images/segmented_processed/2022_May_isolate/tree29_20220517_leaf3.png,0.00179211,0.004947576,1343.472958,May,3,29,1
images/segmented_processed/2022_May_isolate/tree30_20220517_leaf3.png,16.41751696,3.22E-04,2077.065895,May,3,30,1
images/segmented_processed/2022_May_isolate/tree32_20220517_leaf2.png,2.44802185,3.84E-06,1867.306623,May,2,32,1
images/segmented_processed/2022_May_isolate/tree35_20220517_leaf2.png,1.379924469,3.94E-05,2365.633191,May,2,35,1
images/segmented_processed/2022_May_isolate/tree35_20220517_leaf3.png,0,2.07E-04,2203.977728,May,3,35,1
images/segmented_processed/2022_May_isolate/tree37_20220517_leaf2.png,0,1.49E-04,2728.698487,May,2,37,1
images/segmented_processed/2022_May_isolate/tree40_20220517_leaf3.png,0.258063797,0.001274256,1563.913203,May,3,40,1
images/segmented_processed/2022_May_isolate/tree43_20220516_leaf3.png,15.86017085,0.001971442,2551.661346,May,3,43,1
images/segmented_processed/2022_May_isolate/tree44_20220517_leaf1.png,6.944425088,0.003745725,2477.847932,May,1,44,1
images/segmented_processed/2022_May_isolate/tree47_20220517_leaf2.png,4.379916107,7.68E-06,2100.207408,May,2,47,1
images/segmented_processed/2022_May_isolate/tree48_20220517_leaf2.png,18.00353405,5.02E-04,2474.471597,May,2,48,1
images/segmented_processed/2022_May_isolate/tree52_20220517_leaf1.png,6.184570575,0.00350517,3008.348245,May,1,52,1
images/segmented_processed/2022_May_isolate/tree54_20220516_leaf3.png,11.71143689,0.12562961,1827.021789,May,3,54,1
images/segmented_processed/2022_May_isolate/tree55_20220517_leaf2.png,2.587806407,0,2752.284443,May,2,55,1
images/segmented_processed/2022_May_isolate/tree57_20220517_leaf3.png,3.213252692,0.003555674,3618.821454,May,3,57,1
images/segmented_processed/2022_May_isolate/tree59_20220517_leaf1.png,0,0.003680719,2357.527479,May,1,59,1
images/segmented_processed/2022_May_isolate/tree61_20220517_leaf2.png,9.084204069,0.003734098,2379.018458,May,2,61,1
images/segmented_processed/2022_May_isolate/tree62_20220517_leaf1.png,44.304536,3.73E-04,2493.5271,May,1,62,1
images/segmented_processed/2022_May_isolate/tree62_20220517_leaf2.png,55.27403948,1.89E-05,2838.251945,May,2,62,1
images/segmented_processed/2022_May_isolate/tree62_20220517_leaf3.png,8.888864112,0.003368016,3624.10997,May,3,62,1
images/segmented_processed/2022_May_isolate/tree63_20220517_leaf3.png,3.838698977,0.004475654,2191.459841,May,3,63,1
images/segmented_processed/2022_May_isolate/tree65_20220517_leaf2.png,10.63258685,1.79E-04,2789.246706,May,2,65,1
images/segmented_processed/2022_May_isolate/tree66_20220517_leaf2.png,2.741927841,0.003212378,2364.837494,May,2,66,1
images/segmented_processed/2022_June_isolate/tree7_20220701_leaf3.png,1.7921097,2.92E-06,1227.018085,June,3,7,2
images/segmented_processed/2022_June_isolate/tree25_20220701_leaf3.png,1.541214342,0,2907.106592,June,3,25,2
images/segmented_processed/2022_June_isolate/tree32_20220701_leaf3.png,27.21139368,6.83E-04,2649.11448,June,3,32,2
images/segmented_processed/2022_June_isolate/tree36_20220701_leaf1.png,0,1.07E-05,4345.627672,June,1,36,2
images/segmented_processed/2022_June_isolate/tree36_20220701_leaf3.png,2.370961133,4.15E-05,2332.072353,June,3,36,2
images/segmented_processed/2022_June_isolate/tree37_20220701_leaf2.png,0,1.33E-06,2694.859872,June,2,37,2
images/segmented_processed/2022_June_isolate/tree44_20220630_leaf1.png,0,3.07E-05,876.8882368,June,1,44,2
images/segmented_processed/2022_June_isolate/tree48_20220630_leaf1.png,5.107512645,5.87E-04,2257.387973,June,1,48,2
images/segmented_processed/2022_June_isolate/tree48_20220630_leaf2.png,54.80271463,2.37E-06,3021.522044,June,2,48,2
images/segmented_processed/2022_June_isolate/tree51_20220701_leaf3.png,34.21854261,0.017854564,2221.647929,June,3,51,2
images/segmented_processed/2022_June_isolate/tree52_20220701_leaf3.png,3.444434843,3.45E-06,2077.395643,June,3,52,2
images/segmented_processed/2022_June_isolate/tree53_20220630_leaf1.png,7.473097449,0.001501286,1969.632503,June,1,53,2
images/segmented_processed/2022_June_isolate/tree53_20220630_leaf2.png,28.1199933,2.93E-06,2449.407151,June,2,53,2
images/segmented_processed/2022_June_isolate/tree57_20220701_leaf1.png,11.08240638,1.24E-05,2304.936228,June,1,57,2
images/segmented_processed/2022_June_isolate/tree58_20220701_leaf2.png,20.600301,1.41E-05,2290.151323,June,2,58,2
images/segmented_processed/2022_June_isolate/tree58_20220701_leaf3.png,25.12537799,2.84E-05,2459.580958,June,3,58,2
images/segmented_processed/2022_June_isolate/tree65_20220701_leaf1.png,12.34763583,1.39E-05,1807.23869,June,1,65,2
images/segmented_processed/2022_June_isolate/tree66_20220701_leaf3.png,4.519700663,9.00E-05,2468.432188,June,3,66,2
images/segmented_processed/2022_August_isolate/tree2_20220816_leaf1.png,0,9.90E-05,4397.066597,August,1,2,3
images/segmented_processed/2022_August_isolate/tree4_20220816_leaf2.png,0,1.35E-04,3399.676904,August,2,4,3
images/segmented_processed/2022_August_isolate/tree10_20220816_leaf1.png,1.664869911,0.006985684,1759.353519,August,1,10,3
images/segmented_processed/2022_August_isolate/tree13_20220816_leaf3.png,1.2562689,0.003654654,4365.217223,August,3,13,3
images/segmented_processed/2022_August_isolate/tree14_20220816_leaf2.png,6.435465933,5.56E-05,3770.933933,August,2,14,3
images/segmented_processed/2022_August_isolate/tree16_20220816_leaf2.png,9.13796736,0.003819252,2373.837469,August,2,16,3
images/segmented_processed/2022_August_isolate/tree19_20220816_leaf3.png,0,0.003130339,3291.858208,August,3,19,3
images/segmented_processed/2022_August_isolate/tree20_20220816_leaf1.png,3.853035855,4.74E-05,3968.074961,August,1,20,3
images/segmented_processed/2022_August_isolate/tree24_20220816_leaf1.png,3.718627628,9.89E-06,4712.361417,August,1,24,3
images/segmented_processed/2022_August_isolate/tree30_20220816_leaf3.png,12.91573461,6.22E-05,4209.868194,August,3,30,3
images/segmented_processed/2022_August_isolate/tree34_20220815_leaf2.png,0,3.82E-04,4700.617722,August,2,34,3
images/segmented_processed/2022_August_isolate/tree34_20220815_leaf3.png,0.010752658,0.001240424,3935.515912,August,3,34,3
images/segmented_processed/2022_August_isolate/tree38_20220817_leaf2.png,1.043007845,6.33E-04,2061.560562,August,2,38,3
images/segmented_processed/2022_August_isolate/tree42_20220816_leaf2.png,2.353040036,0.002563435,4765.097829,August,2,42,3
images/segmented_processed/2022_August_isolate/tree43_20220816_leaf2.png,0.003584219,1.25E-06,1430.567697,August,2,43,3
images/segmented_processed/2022_August_isolate/tree43_20220816_leaf3.png,3.010744296,2.01E-05,715.0266808,August,3,43,3
images/segmented_processed/2022_August_isolate/tree47_20220816_leaf2.png,2.347663707,3.36E-04,3407.5819,August,2,47,3
images/segmented_processed/2022_August_isolate/tree53_20220816_leaf1.png,1.652325143,9.94E-05,3460.295014,August,1,53,3
images/segmented_processed/2022_August_isolate/tree55_20220817_leaf1.png,0,1.09E-05,3945.628787,August,1,55,3
images/segmented_processed/2022_August_isolate/tree56_20220816_leaf2.png,5.908585681,5.41E-07,3315.3904,August,2,56,3
images/segmented_processed/2022_August_isolate/tree59_20220816_leaf2.png,5.663066652,0.003691035,2636.429927,August,2,59,3
images/segmented_processed/2022_August_isolate/tree61_20220816_leaf2.png,16.84224696,5.72E-06,3132.267255,August,2,61,3
images/segmented_processed/2022_August_isolate/tree63_20220816_leaf1.png,0,5.90E-04,3149.308426,August,1,63,3
images/segmented_processed/2022_August_isolate/tree63_20220816_leaf3.png,0,1.57E-04,2309.115427,August,3,63,3
images/segmented_processed/2022_August_isolate/tree64_20220817_leaf2.png,3.716835518,0.005390366,3906.467606,August,2,64,3
images/segmented_processed/2022_August_isolate/tree66_20220816_leaf1.png,16.12002675,4.65E-05,3813.759979,August,1,66,3
images/segmented_processed/2022_August_isolate/tree66_20220816_leaf2.png,13.55551777,0.002335136,3775.87478,August,2,66,3
