tree,leaf,treatment,exp.round,m.leaves,field.date,day.of.year,lab.date,field.obs,lab.mite.obs,dom,eggs,RS,LB,nymph,OB,LL,B,LC,CLB,SP,MISC,BY,B,PR,total.good.mites,eriophyid.pres,fungal.obs,fungal.count,fungal.notes,midrib.tape,leaf.tear,mite.notes,field.notes
1,1,treatment,1,,16-May-22,136,17-May-22,CG,MW,13,0,0,0,0,0,0,0,0,0,0,0,0,0,0,0,1,AM,0,changed all of round one fungal count values to 0 because original fungal counts were actually just trichomes.,0,0,,
1,2,treatment,1,,16-May-22,136,17-May-22,CG,MW,8,0,0,0,0,0,0,0,0,0,0,0,0,0,0,0,1,AM,0,changed all of round one fungal count values to 0 because original fungal counts were actually just trichomes.,0,0,,
1,3,treatment,1,,16-May-22,136,17-May-22,CG,MW,15,0,0,0,0,0,0,0,0,0,0,0,0,0,0,0,1,AM,0,changed all of round one fungal count values to 0 because original fungal counts were actually just trichomes.,0,0,,
2,1,control,1,,16-May-22,136,17-May-22,MO,MW,8,0,0,0,0,0,0,0,0,0,0,0,0,0,0,0,0,AM,0,changed all of round one fungal count values to 0 because original fungal counts were actually just trichomes. Tear in leaf taped upper left.,0,1,,
2,2,control,1,,16-May-22,136,17-May-22,MO,MW,16,0,2,0,0,0,0,0,0,0,0,0,0,0,0,2,0,AM,0,changed all of round one fungal count values to 0 because original fungal counts were actually just trichomes.,0,0,,
2,3,control,1,,16-May-22,136,17-May-22,MO,MW,15,1,0,0,0,0,0,0,0,0,0,0,0,0,0,0,0,AM,0,changed all of round one fungal count values to 0 because original fungal counts were actually just trichomes.,0,0,,
3,1,treatment,1,,16-May-22,136,17-May-22,MO,MW,15,0,1,0,0,0,0,0,0,0,0,0,0,0,0,1,0,AM,0,changed all of round one fungal count values to 0 because original fungal counts were actually just trichomes.,0,0,,
3,2,treatment,1,,16-May-22,136,17-May-22,MO,MW,13,0,1,0,0,0,0,0,0,0,0,0,0,0,0,1,0,AM,0,changed all of round one fungal count values to 0 because original fungal counts were actually just trichomes.,0,0,,
3,3,treatment,1,,16-May-22,136,17-May-22,MO,MW,17,0,0,0,0,0,0,0,0,0,0,0,0,0,0,0,0,AM,0,changed all of round one fungal count values to 0 because original fungal counts were actually just trichomes.,0,0,,
4,1,control,1,,16-May-22,136,17-May-22,MO,MW,21,0,0,0,0,0,0,0,0,0,0,0,0,0,0,0,0,AM,0,changed all of round one fungal count values to 0 because original fungal counts were actually just trichomes.,0,0,,
4,2,control,1,,16-May-22,136,17-May-22,MO,MW,20,0,0,0,0,0,0,0,0,0,0,0,0,0,0,0,0,AM,0,changed all of round one fungal count values to 0 because original fungal counts were actually just trichomes.,0,0,,
4,3,control,1,,16-May-22,136,17-May-22,MO,MW,18,0,0,0,0,0,0,0,0,0,0,0,0,0,0,0,0,AM,0,changed all of round one fungal count values to 0 because original fungal counts were actually just trichomes.,0,0,,
5,1,treatment,1,,16-May-22,136,17-May-22,AM,MW,13,0,0,0,0,0,0,0,0,0,0,0,0,0,0,0,0,AM,0,changed all of round one fungal count values to 0 because original fungal counts were actually just trichomes.,0,0,,
5,2,treatment,1,,16-May-22,136,17-May-22,AM,MW,10,0,0,0,0,0,0,0,0,0,0,0,0,0,0,0,0,AM,0,changed all of round one fungal count values to 0 because original fungal counts were actually just trichomes.,0,0,,
5,3,treatment,1,,16-May-22,136,17-May-22,AM,MW,15,0,1,0,0,0,0,0,0,0,0,0,0,0,0,1,0,AM,0,changed all of round one fungal count values to 0 because original fungal counts were actually just trichomes. Sampled upper right.,0,0,,
6,1,control,1,,16-May-22,136,17-May-22,AM,MW,10,0,0,0,0,0,0,0,0,0,0,0,0,0,0,0,1,AM,0,changed all of round one fungal count values to 0 because original fungal counts were actually just trichomes.,0,0,,
6,2,control,1,,16-May-22,136,17-May-22,AM,MW,9,0,0,0,0,0,0,0,0,0,0,0,0,0,0,0,1,AM,0,changed all of round one fungal count values to 0 because original fungal counts were actually just trichomes. Small tear in leaf,0,1,,
6,3,control,1,,16-May-22,136,17-May-22,AM,MW,17,0,0,0,0,0,0,0,0,0,0,0,0,0,0,0,1,AM,0,changed all of round one fungal count values to 0 because original fungal counts were actually just trichomes.,0,0,,
7,1,treatment,1,,16-May-22,136,17-May-22,CG,MW,9,0,0,0,0,0,0,1,0,0,0,0,0,0,0,1,0,AM,0,changed all of round one fungal count values to 0 because original fungal counts were actually just trichomes.,0,0,,
7,2,treatment,1,,16-May-22,136,17-May-22,CG,MW,6,0,0,0,0,0,0,0,0,0,0,0,0,0,0,0,1,AM,0,changed all of round one fungal count values to 0 because original fungal counts were actually just trichomes.,0,0,,
7,3,treatment,1,,16-May-22,136,17-May-22,CG,MW,3,0,0,0,0,0,0,0,0,0,0,0,0,0,0,0,1,AM,0,changed all of round one fungal count values to 0 because original fungal counts were actually just trichomes. Small leaf taped over midrib.,1,0,,
8,1,control,1,,16-May-22,136,17-May-22,MO,MW,8,0,0,0,0,0,0,0,0,0,0,0,0,0,0,0,1,AM,0,changed all of round one fungal count values to 0 because original fungal counts were actually just trichomes.,0,0,,
8,2,control,1,,16-May-22,136,17-May-22,MO,MW,7,0,0,0,0,0,0,0,0,0,0,0,0,0,0,0,1,AM,0,changed all of round one fungal count values to 0 because original fungal counts were actually just trichomes.,0,0,,
8,3,control,1,,16-May-22,136,17-May-22,MO,MW,6,0,0,0,0,0,0,0,0,0,0,0,0,0,0,0,0,AM,0,changed all of round one fungal count values to 0 because original fungal counts were actually just trichomes.,0,0,,
9,1,treatment,1,,16-May-22,136,17-May-22,MO,MW,9,0,0,0,0,0,0,0,0,0,0,0,0,0,0,0,0,AM,0,changed all of round one fungal count values to 0 because original fungal counts were actually just trichomes.,0,0,,
9,2,treatment,1,,16-May-22,136,17-May-22,MO,MW,11,0,0,0,0,0,0,0,0,0,0,0,0,0,0,0,1,AM,0,changed all of round one fungal count values to 0 because original fungal counts were actually just trichomes.,0,0,,
9,3,treatment,1,,16-May-22,136,17-May-22,MO,MW,14,0,0,0,0,0,0,0,0,0,0,0,0,0,0,0,1,AM,0,changed all of round one fungal count values to 0 because original fungal counts were actually just trichomes.,0,0,,
10,1,control,1,,16-May-22,136,17-May-22,AM,MW,10,0,0,0,0,0,0,0,0,0,0,0,0,0,0,0,1,AM,0,changed all of round one fungal count values to 0 because original fungal counts were actually just trichomes.,0,0,,
10,2,control,1,,16-May-22,136,17-May-22,AM,MW,15,0,0,0,0,0,0,0,0,0,0,0,0,0,0,0,0,AM,0,changed all of round one fungal count values to 0 because original fungal counts were actually just trichomes.,0,0,,
10,3,control,1,,16-May-22,136,17-May-22,AM,MW,11,0,0,0,0,0,0,0,0,0,0,0,0,0,0,0,0,AM,0,changed all of round one fungal count values to 0 because original fungal counts were actually just trichomes.,0,0,,
11,1,treatment,1,,16-May-22,136,17-May-22,AM,MW,12,0,0,0,0,0,0,0,0,0,0,0,0,0,0,0,1,AM,0,changed all of round one fungal count values to 0 because original fungal counts were actually just trichomes.,0,0,,
11,2,treatment,1,,16-May-22,136,17-May-22,AM,MW,11,0,0,0,0,0,0,0,0,0,0,0,0,0,0,0,0,AM,0,changed all of round one fungal count values to 0 because original fungal counts were actually just trichomes.,0,0,,
11,3,treatment,1,,16-May-22,136,17-May-22,AM,MW,10,0,0,0,0,0,0,0,0,0,0,0,0,0,0,0,1,AM,0,changed all of round one fungal count values to 0 because original fungal counts were actually just trichomes.,0,0,,
12,1,control,1,,16-May-22,136,17-May-22,MO,MW,20,0,0,0,0,0,0,0,0,0,0,0,0,0,0,0,0,AM,0,changed all of round one fungal count values to 0 because original fungal counts were actually just trichomes.,0,0,,
12,2,control,1,,16-May-22,136,17-May-22,MO,MW,20,0,0,0,0,0,0,0,0,0,0,0,0,0,0,0,0,AM,0,changed all of round one fungal count values to 0 because original fungal counts were actually just trichomes.,0,0,,
12,3,control,1,,16-May-22,136,17-May-22,MO,MW,21,0,0,0,0,0,0,0,0,0,0,0,0,0,0,0,0,AM,0,changed all of round one fungal count values to 0 because original fungal counts were actually just trichomes.,0,0,,
13,1,treatment,1,,16-May-22,136,17-May-22,MO,MW,18,0,0,0,0,0,0,0,0,0,0,0,0,0,0,0,0,AM,0,changed all of round one fungal count values to 0 because original fungal counts were actually just trichomes.,0,0,,
13,2,treatment,1,,16-May-22,136,17-May-22,MO,MW,22,0,0,0,0,0,0,0,0,0,0,0,0,0,0,0,0,AM,0,changed all of round one fungal count values to 0 because original fungal counts were actually just trichomes.,0,0,,
13,3,treatment,1,,16-May-22,136,17-May-22,MO,MW,17,0,0,0,0,0,0,0,0,0,0,0,0,0,0,0,0,AM,0,changed all of round one fungal count values to 0 because original fungal counts were actually just trichomes.,0,0,,
14,1,control,1,,16-May-22,136,17-May-22,MO,MW,19,0,0,0,0,0,0,0,0,0,0,0,0,0,0,0,0,AM,0,changed all of round one fungal count values to 0 because original fungal counts were actually just trichomes.,0,0,,
14,2,control,1,,16-May-22,136,17-May-22,MO,MW,19,0,0,0,0,0,0,0,0,0,0,0,0,0,0,0,1,AM,0,changed all of round one fungal count values to 0 because original fungal counts were actually just trichomes.,0,0,,
14,3,control,1,,16-May-22,136,17-May-22,MO,MW,15,0,0,0,0,0,0,0,0,0,0,0,0,0,0,0,1,AM,0,changed all of round one fungal count values to 0 because original fungal counts were actually just trichomes.,0,0,,
15,1,treatment,1,,16-May-22,136,17-May-22,AM,MW,20,0,0,0,0,0,0,0,0,0,0,0,0,0,0,0,1,AM,0,changed all of round one fungal count values to 0 because original fungal counts were actually just trichomes.,0,0,,
15,2,treatment,1,,16-May-22,136,17-May-22,AM,MW,14,0,0,0,0,0,0,0,0,0,0,0,0,0,0,0,1,AM,0,changed all of round one fungal count values to 0 because original fungal counts were actually just trichomes. Leaf tear.,0,1,,
15,3,treatment,1,,16-May-22,136,17-May-22,AM,MW,16,0,0,0,0,0,0,0,0,0,0,0,0,0,0,0,1,AM,0,changed all of round one fungal count values to 0 because original fungal counts were actually just trichomes.,0,0,,
16,1,control,1,,16-May-22,136,17-May-22,MO,MW,9,0,0,0,0,0,0,0,0,0,0,0,0,0,0,0,0,AM,0,changed all of round one fungal count values to 0 because original fungal counts were actually just trichomes. Leaf tear,0,1,,
16,2,control,1,,16-May-22,136,17-May-22,MO,MW,8,0,0,0,0,0,0,0,0,0,0,0,0,0,0,0,0,AM,0,changed all of round one fungal count values to 0 because original fungal counts were actually just trichomes. Leaf tear,0,1,,
16,3,control,1,,16-May-22,136,17-May-22,MO,MW,6,0,0,0,0,0,0,0,0,0,0,0,0,0,0,0,0,AM,0,changed all of round one fungal count values to 0 because original fungal counts were actually just trichomes. Small leaf taped over midrib.,1,0,,
17,1,treatment,1,,16-May-22,136,17-May-22,AM,MW,4,0,0,0,0,0,0,0,0,0,0,0,0,0,0,0,1,AM,0,changed all of round one fungal count values to 0 because original fungal counts were actually just trichomes.,0,0,,
17,2,treatment,1,,16-May-22,136,17-May-22,AM,MW,5,0,0,0,0,0,0,0,0,0,0,0,0,0,0,0,0,AM,0,changed all of round one fungal count values to 0 because original fungal counts were actually just trichomes.,0,0,,
17,3,treatment,1,,16-May-22,136,17-May-22,AM,MW,5,0,0,0,0,0,0,0,0,0,0,0,0,0,0,0,0,AM,0,changed all of round one fungal count values to 0 because original fungal counts were actually just trichomes.,0,0,,
18,1,control,1,,16-May-22,136,17-May-22,CG,MW,17,0,0,0,0,0,0,0,0,0,0,0,0,0,0,0,0,AM,0,changed all of round one fungal count values to 0 because original fungal counts were actually just trichomes.,0,0,,
18,2,control,1,,16-May-22,136,17-May-22,CG,MW,17,0,0,0,0,0,0,0,0,0,0,0,0,0,0,0,0,AM,0,changed all of round one fungal count values to 0 because original fungal counts were actually just trichomes.,0,0,,
18,3,control,1,,16-May-22,136,17-May-22,CG,MW,19,0,0,0,0,0,0,0,0,0,0,0,0,0,0,0,1,AM,0,changed all of round one fungal count values to 0 because original fungal counts were actually just trichomes.,0,0,,
19,1,treatment,1,,16-May-22,136,17-May-22,AM,MW,11,0,2,0,0,0,0,0,0,0,0,0,0,0,0,2,0,AM,0,changed all of round one fungal count values to 0 because original fungal counts were actually just trichomes. Tape made small tear in leaf.,0,1,,
19,2,treatment,1,,16-May-22,136,17-May-22,AM,MW,14,0,0,3,0,0,0,0,0,0,0,0,0,0,0,3,0,AM,0,changed all of round one fungal count values to 0 because original fungal counts were actually just trichomes.,0,0,,
19,3,treatment,1,,16-May-22,136,17-May-22,AM,MW,19,0,1,0,0,0,0,0,0,0,0,0,0,0,0,1,0,AM,0,changed all of round one fungal count values to 0 because original fungal counts were actually just trichomes. Tape made small tear in leaf.,0,1,,
20,1,control,1,,16-May-22,136,17-May-22,CG,MW,14,0,0,0,0,0,0,0,0,0,0,0,0,0,0,0,0,AM,0,changed all of round one fungal count values to 0 because original fungal counts were actually just trichomes.,0,0,,
20,2,control,1,,16-May-22,136,17-May-22,CG,MW,14,0,0,0,0,0,0,0,0,0,0,0,0,0,0,0,0,AM,0,changed all of round one fungal count values to 0 because original fungal counts were actually just trichomes.,0,0,,
20,3,control,1,,16-May-22,136,17-May-22,CG,MW,7,0,0,0,0,0,0,0,0,0,0,0,0,0,0,0,0,AM,0,changed all of round one fungal count values to 0 because original fungal counts were actually just trichomes.,0,0,,
21,1,treatment,1,,16-May-22,136,17-May-22,MO,MW,24,2,1,0,0,0,0,0,0,0,0,0,0,0,0,1,0,AM,0,changed all of round one fungal count values to 0 because original fungal counts were actually just trichomes. Tear in leaf.,0,1,,
21,2,treatment,1,,16-May-22,136,17-May-22,MO,MW,24,0,0,0,0,0,0,0,0,0,0,0,0,0,0,0,0,AM,0,changed all of round one fungal count values to 0 because original fungal counts were actually just trichomes. Tear in leaf.,0,1,,
21,3,treatment,1,,16-May-22,136,17-May-22,MO,MW,28,0,0,0,0,0,0,0,0,0,0,0,0,0,0,0,0,AM,0,changed all of round one fungal count values to 0 because original fungal counts were actually just trichomes.,0,0,,
22,1,control,1,,16-May-22,136,17-May-22,MO,MW,10,0,0,1,0,0,0,0,0,0,0,0,0,0,0,1,0,AM,0,changed all of round one fungal count values to 0 because original fungal counts were actually just trichomes.,0,0,,
22,2,control,1,,16-May-22,136,17-May-22,MO,MW,8,0,0,0,0,0,0,0,0,0,0,0,0,0,0,0,0,AM,0,changed all of round one fungal count values to 0 because original fungal counts were actually just trichomes.,0,0,,
22,3,control,1,,16-May-22,136,17-May-22,MO,MW,14,0,0,0,0,0,0,0,0,0,0,0,0,0,0,0,0,AM,0,changed all of round one fungal count values to 0 because original fungal counts were actually just trichomes.,0,0,,
23,1,treatment,1,,16-May-22,136,17-May-22,MO,MW,17,0,0,0,0,0,0,0,0,0,0,0,0,0,0,0,0,AM,0,changed all of round one fungal count values to 0 because original fungal counts were actually just trichomes.,0,0,,
23,2,treatment,1,,16-May-22,136,17-May-22,MO,MW,20,0,0,0,0,0,0,0,0,0,0,0,0,0,0,0,0,AM,0,changed all of round one fungal count values to 0 because original fungal counts were actually just trichomes.,0,0,,
23,3,treatment,1,,16-May-22,136,17-May-22,MO,MW,15,0,0,0,0,0,0,0,0,0,0,0,0,0,0,0,0,AM,0,changed all of round one fungal count values to 0 because original fungal counts were actually just trichomes.,0,0,,
24,1,control,1,,16-May-22,136,17-May-22,CG,MW,12,0,0,0,0,0,0,0,0,0,0,0,0,0,0,0,0,AM,0,changed all of round one fungal count values to 0 because original fungal counts were actually just trichomes.,0,0,,
24,2,control,1,,16-May-22,136,17-May-22,CG,MW,3,0,0,0,0,0,0,0,0,0,0,0,0,0,0,0,0,AM,0,changed all of round one fungal count values to 0 because original fungal counts were actually just trichomes.,0,0,,
24,3,control,1,,16-May-22,136,17-May-22,CG,MW,3,0,0,0,0,0,0,0,0,0,0,0,0,0,0,0,0,AM,0,changed all of round one fungal count values to 0 because original fungal counts were actually just trichomes.,0,0,,
25,1,treatment,1,,16-May-22,136,17-May-22,AM,MW,12,0,0,0,0,0,0,0,0,0,0,0,0,0,0,0,1,AM,0,changed all of round one fungal count values to 0 because original fungal counts were actually just trichomes.,0,0,,
25,2,treatment,1,,16-May-22,136,17-May-22,AM,MW,10,0,0,0,0,0,0,0,0,0,0,0,0,0,0,0,0,AM,0,changed all of round one fungal count values to 0 because original fungal counts were actually just trichomes.,0,0,,
25,3,treatment,1,,16-May-22,136,17-May-22,AM,MW,15,1,0,0,0,0,0,0,0,0,0,0,0,0,0,0,1,AM,0,changed all of round one fungal count values to 0 because original fungal counts were actually just trichomes.,0,0,,
26,1,control,1,,16-May-22,136,17-May-22,CG,CG,30,0,0,0,0,0,0,0,0,0,0,0,0,0,0,0,0,AM,0,changed all of round one fungal count values to 0 because original fungal counts were actually just trichomes.,0,0,,
26,2,control,1,,16-May-22,136,17-May-22,CG,CG,25,0,0,0,0,0,0,0,0,0,0,0,0,0,0,0,0,AM,0,changed all of round one fungal count values to 0 because original fungal counts were actually just trichomes.,0,0,,
26,3,control,1,,16-May-22,136,17-May-22,CG,CG,25,0,0,0,0,0,0,0,0,0,0,0,0,0,0,0,0,AM,0,changed all of round one fungal count values to 0 because original fungal counts were actually just trichomes.,0,0,,
27,1,treatment,1,,16-May-22,136,17-May-22,AM,MW,21,0,0,0,0,0,0,0,0,0,0,0,0,0,0,0,0,AM,0,changed all of round one fungal count values to 0 because original fungal counts were actually just trichomes.,0,0,,
27,2,treatment,1,,16-May-22,136,17-May-22,AM,MW,15,0,3,0,0,0,0,0,0,0,0,0,0,0,0,3,0,AM,0,changed all of round one fungal count values to 0 because original fungal counts were actually just trichomes.  Small leaf. Taped across midrib.,1,0,,
27,3,treatment,1,,16-May-22,136,17-May-22,AM,MW,23,0,0,0,0,0,0,0,0,0,0,0,0,0,0,0,0,AM,0,changed all of round one fungal count values to 0 because original fungal counts were actually just trichomes.,0,0,,
28,1,control,1,,16-May-22,136,17-May-22,MO,MW,12,0,0,0,0,0,0,0,0,0,0,0,0,0,0,0,0,AM,0,changed all of round one fungal count values to 0 because original fungal counts were actually just trichomes.,0,0,,
28,2,control,1,,16-May-22,136,17-May-22,MO,MW,18,0,0,0,0,0,0,0,0,0,0,0,0,0,0,0,0,AM,0,changed all of round one fungal count values to 0 because original fungal counts were actually just trichomes.,0,0,,
28,3,control,1,,16-May-22,136,17-May-22,MO,MW,12,0,0,0,0,0,0,0,0,0,0,0,0,0,0,0,0,AM,0,changed all of round one fungal count values to 0 because original fungal counts were actually just trichomes. Small leaf taped over midrib.,1,0,,
29,1,treatment,1,,16-May-22,136,17-May-22,CG,MW,5,0,0,0,0,0,0,0,0,0,0,0,0,0,0,0,0,AM,0,changed all of round one fungal count values to 0 because original fungal counts were actually just trichomes.,0,0,,
29,2,treatment,1,,16-May-22,136,17-May-22,CG,MW,3,0,0,0,0,0,0,0,0,0,0,0,0,0,0,0,0,AM,0,changed all of round one fungal count values to 0 because original fungal counts were actually just trichomes.,0,0,,
29,3,treatment,1,,16-May-22,136,17-May-22,CG,MW,1,0,0,0,0,0,0,0,0,0,0,0,0,0,0,0,1,AM,0,changed all of round one fungal count values to 0 because original fungal counts were actually just trichomes. Small leaf taped over midrib.,1,0,,
30,1,control,1,,16-May-22,136,17-May-22,CG,MW,13,0,0,0,0,0,0,0,0,0,0,0,0,0,0,0,1,AM,0,changed all of round one fungal count values to 0 because original fungal counts were actually just trichomes.,0,0,,
30,2,control,1,,16-May-22,136,17-May-22,CG,MW,22,0,0,0,0,0,0,0,0,0,0,0,0,0,0,0,0,AM,0,changed all of round one fungal count values to 0 because original fungal counts were actually just trichomes.,0,0,,
30,3,control,1,,16-May-22,136,17-May-22,CG,MW,16,0,0,0,0,0,0,0,0,0,0,0,0,0,0,0,0,AM,1,changed all of round one fungal count values to 0 because original fungal counts were actually just trichomes.,0,0,,
32,1,control,1,,16-May-22,136,17-May-22,MO,MW,19,0,0,0,0,0,0,0,0,0,0,0,0,0,0,0,0,AM,0,changed all of round one fungal count values to 0 because original fungal counts were actually just trichomes.,0,0,,
32,2,control,1,,16-May-22,136,17-May-22,MO,MW,21,0,1,0,0,0,0,0,0,0,0,0,0,0,0,1,0,AM,0,changed all of round one fungal count values to 0 because original fungal counts were actually just trichomes.,0,0,,
32,3,control,1,,16-May-22,136,17-May-22,MO,MW,18,0,0,0,0,0,0,0,0,0,0,0,0,0,0,0,0,AM,0,changed all of round one fungal count values to 0 because original fungal counts were actually just trichomes. Small leaf taped over midrib.,1,0,,
33,1,treatment,1,,16-May-22,136,17-May-22,AM,MW,6,1,0,0,2,0,0,0,0,0,0,0,0,0,0,2,0,AM,0,changed all of round one fungal count values to 0 because original fungal counts were actually just trichomes.,0,0,,
33,2,treatment,1,,16-May-22,136,17-May-22,AM,MW,9,0,0,0,0,0,0,0,0,0,0,0,0,0,0,0,0,AM,0,changed all of round one fungal count values to 0 because original fungal counts were actually just trichomes.,0,0,,
33,3,treatment,1,,16-May-22,136,17-May-22,AM,MW,10,1,0,0,0,0,0,0,0,0,0,0,0,0,0,0,0,AM,0,changed all of round one fungal count values to 0 because original fungal counts were actually just trichomes.,0,0,,
34,1,control,1,,16-May-22,136,17-May-22,MO,MW,6,0,0,0,0,0,0,0,0,0,0,0,0,0,0,0,1,AM,0,changed all of round one fungal count values to 0 because original fungal counts were actually just trichomes.,0,0,,
34,2,control,1,,16-May-22,136,17-May-22,MO,MW,6,0,0,0,0,0,0,0,0,0,0,0,0,0,0,0,1,AM,0,changed all of round one fungal count values to 0 because original fungal counts were actually just trichomes.,0,0,,
34,3,control,1,,16-May-22,136,17-May-22,MO,MW,2,0,0,0,0,0,0,0,0,0,0,0,0,0,0,0,1,AM,0,changed all of round one fungal count values to 0 because original fungal counts were actually just trichomes.,0,0,,
35,1,treatment,1,,16-May-22,136,17-May-22,AM,MW,9,0,0,0,0,0,0,0,0,0,0,0,0,0,0,0,0,AM,0,changed all of round one fungal count values to 0 because original fungal counts were actually just trichomes.,0,0,,
35,2,treatment,1,,16-May-22,136,17-May-22,AM,MW,1,0,0,0,0,0,0,0,0,0,0,0,0,0,0,0,1,AM,0,changed all of round one fungal count values to 0 because original fungal counts were actually just trichomes.,0,0,,
35,3,treatment,1,,16-May-22,136,17-May-22,AM,MW,4,0,0,0,0,0,0,0,0,0,0,0,0,0,0,0,1,AM,0,changed all of round one fungal count values to 0 because original fungal counts were actually just trichomes.,0,0,,
36,1,control,1,,16-May-22,136,17-May-22,AM,MW,5,0,1,0,1,2,0,0,0,0,0,0,0,0,0,4,0,AM,0,changed all of round one fungal count values to 0 because original fungal counts were actually just trichomes.,0,0,,
36,2,control,1,,16-May-22,136,17-May-22,AM,MW,13,0,0,0,0,0,0,0,0,0,0,0,0,0,0,0,1,AM,0,changed all of round one fungal count values to 0 because original fungal counts were actually just trichomes.,0,0,,
36,3,control,1,,16-May-22,136,17-May-22,AM,MW,6,0,0,0,0,1,0,0,0,0,0,0,0,0,0,1,1,AM,0,changed all of round one fungal count values to 0 because original fungal counts were actually just trichomes.,0,0,,
37,1,treatment,1,,16-May-22,136,17-May-22,CG,MW,14,0,0,0,0,0,0,0,0,0,0,0,0,0,0,0,0,AM,0,changed all of round one fungal count values to 0 because original fungal counts were actually just trichomes.,0,0,,
37,2,treatment,1,,16-May-22,136,17-May-22,CG,MW,8,0,0,0,0,0,0,0,0,0,0,0,0,0,0,0,1,AM,0,changed all of round one fungal count values to 0 because original fungal counts were actually just trichomes.,0,0,,
37,3,treatment,1,,16-May-22,136,17-May-22,CG,MW,12,0,0,0,0,0,0,0,0,0,0,0,0,0,0,0,0,AM,0,changed all of round one fungal count values to 0 because original fungal counts were actually just trichomes.,0,0,,
38,1,control,1,,16-May-22,136,17-May-22,AM,MW,14,0,2,0,0,0,1,0,0,0,0,0,0,0,0,3,0,AM,0,changed all of round one fungal count values to 0 because original fungal counts were actually just trichomes.  Small leaf. Taped across midrib.,1,0,,
38,2,control,1,,16-May-22,136,17-May-22,AM,MW,19,0,0,0,0,0,0,0,0,0,0,0,0,0,0,0,0,AM,0,changed all of round one fungal count values to 0 because original fungal counts were actually just trichomes.,0,0,,
38,3,control,1,,16-May-22,136,17-May-22,AM,MW,22,0,0,0,0,0,0,0,0,0,0,0,0,0,0,0,0,AM,0,changed all of round one fungal count values to 0 because original fungal counts were actually just trichomes.,0,0,,
39,1,treatment,1,,16-May-22,136,17-May-22,AM,MW,12,0,0,0,0,0,0,0,0,0,0,0,0,0,0,0,1,AM,0,changed all of round one fungal count values to 0 because original fungal counts were actually just trichomes.,0,0,,
39,2,treatment,1,,16-May-22,136,17-May-22,AM,MW,18,0,0,0,0,0,0,0,0,0,0,0,0,0,0,0,1,AM,0,changed all of round one fungal count values to 0 because original fungal counts were actually just trichomes.,0,0,,
39,3,treatment,1,,16-May-22,136,17-May-22,AM,MW,15,0,0,0,0,0,0,0,0,0,0,0,0,0,0,0,1,AM,0,changed all of round one fungal count values to 0 because original fungal counts were actually just trichomes.,0,0,,
40,1,control,1,,16-May-22,136,17-May-22,AM,MW,26,0,0,0,0,0,0,0,0,0,0,0,0,0,0,0,1,AM,0,changed all of round one fungal count values to 0 because original fungal counts were actually just trichomes.,0,0,,
40,2,control,1,,16-May-22,136,17-May-22,AM,MW,22,0,0,0,0,0,0,0,0,0,0,0,0,0,0,0,1,AM,0,changed all of round one fungal count values to 0 because original fungal counts were actually just trichomes.,0,0,,
40,3,control,1,,16-May-22,136,17-May-22,AM,MW,17,0,1,0,0,0,0,0,0,0,0,0,0,0,0,1,1,AM,0,changed all of round one fungal count values to 0 because original fungal counts were actually just trichomes.,0,0,,
41,1,treatment,1,,16-May-22,136,17-May-22,MO,MW,16,0,0,0,0,0,0,0,0,0,0,0,0,0,0,0,0,AM,0,changed all of round one fungal count values to 0 because original fungal counts were actually just trichomes. Leaf tear,0,1,,
41,2,treatment,1,,16-May-22,136,17-May-22,MO,MW,16,0,0,0,0,0,0,0,0,0,0,0,0,0,0,0,0,AM,0,changed all of round one fungal count values to 0 because original fungal counts were actually just trichomes. Leaf tear,0,1,,
41,3,treatment,1,,16-May-22,136,17-May-22,MO,MW,16,0,0,0,1,0,0,0,0,0,0,0,0,0,0,1,0,AM,0,changed all of round one fungal count values to 0 because original fungal counts were actually just trichomes.,0,0,,
42,1,control,1,,16-May-22,136,17-May-22,AM,MW,4,0,0,0,1,0,0,0,0,0,0,0,0,0,0,1,1,AM,0,changed all of round one fungal count values to 0 because original fungal counts were actually just trichomes.,0,0,,
42,2,control,1,,16-May-22,136,17-May-22,AM,MW,6,0,0,0,0,0,0,0,0,0,0,0,0,0,0,0,1,AM,0,changed all of round one fungal count values to 0 because original fungal counts were actually just trichomes.,0,0,,
42,3,control,1,,16-May-22,136,17-May-22,AM,MW,13,0,0,0,0,0,0,0,0,0,0,0,0,0,0,0,1,AM,0,changed all of round one fungal count values to 0 because original fungal counts were actually just trichomes.,0,0,,
43,1,treatment,1,,16-May-22,136,17-May-22,CG,CG,29,0,0,0,0,0,0,0,0,0,0,0,0,0,0,0,0,AM,0,changed all of round one fungal count values to 0 because original fungal counts were actually just trichomes.,0,0,,
43,2,treatment,1,,16-May-22,136,17-May-22,CG,CG,29,1,0,0,0,0,0,0,0,0,0,0,0,0,0,0,0,AM,0,changed all of round one fungal count values to 0 because original fungal counts were actually just trichomes.,0,0,,
43,3,treatment,1,,16-May-22,136,17-May-22,CG,CG,27,0,0,0,0,0,0,0,0,0,0,0,0,0,0,0,0,AM,0,changed all of round one fungal count values to 0 because original fungal counts were actually just trichomes.,0,0,,
44,1,control,1,,16-May-22,136,17-May-22,AM,MW,13,0,0,0,0,0,0,0,0,0,0,0,0,0,0,0,0,AM,0,changed all of round one fungal count values to 0 because original fungal counts were actually just trichomes.,0,0,,
44,2,control,1,,16-May-22,136,17-May-22,AM,MW,17,0,0,0,0,0,0,0,0,0,0,0,0,0,0,0,0,AM,0,changed all of round one fungal count values to 0 because original fungal counts were actually just trichomes.,0,0,,
44,3,control,1,,16-May-22,136,17-May-22,AM,MW,10,0,0,0,0,0,0,0,0,0,0,0,0,0,0,0,0,AM,0,changed all of round one fungal count values to 0 because original fungal counts were actually just trichomes.,0,0,,
45,1,treatment,1,,16-May-22,136,17-May-22,CG,CG,33,0,0,0,0,0,0,0,0,0,0,0,0,0,0,0,0,AM,0,changed all of round one fungal count values to 0 because original fungal counts were actually just trichomes. Tape ripped leaf. Sampled from upper left,0,1,,
45,2,treatment,1,,16-May-22,136,17-May-22,CG,CG,32,0,0,0,0,0,0,0,0,0,0,0,0,0,0,0,0,AM,0,changed all of round one fungal count values to 0 because original fungal counts were actually just trichomes. Tape ripped leaf. Sampled from upper left,0,1,,
45,3,treatment,1,,16-May-22,136,17-May-22,CG,CG,29,0,0,0,0,0,0,0,0,0,0,0,0,0,0,0,0,AM,0,changed all of round one fungal count values to 0 because original fungal counts were actually just trichomes. Small tear from tape,0,1,,
46,1,control,1,,16-May-22,136,17-May-22,CG,MW,4,0,0,0,0,0,0,0,0,0,0,0,0,0,0,0,1,AM,0,changed all of round one fungal count values to 0 because original fungal counts were actually just trichomes.,0,0,,
46,2,control,1,,16-May-22,136,17-May-22,CG,MW,9,0,0,0,0,0,0,0,0,0,0,0,0,0,0,0,0,AM,0,changed all of round one fungal count values to 0 because original fungal counts were actually just trichomes.,0,0,,
46,3,control,1,,16-May-22,136,17-May-22,CG,MW,1,0,0,0,0,0,0,0,0,0,0,0,0,0,0,0,1,AM,0,changed all of round one fungal count values to 0 because original fungal counts were actually just trichomes.,0,0,,
47,1,treatment,1,,16-May-22,136,17-May-22,CG,MW,17,0,0,0,0,0,0,0,0,0,0,0,0,0,0,0,0,AM,0,changed all of round one fungal count values to 0 because original fungal counts were actually just trichomes.,0,0,,
47,2,treatment,1,,16-May-22,136,17-May-22,CG,MW,19,0,0,0,0,0,0,0,0,0,0,0,0,0,0,0,0,AM,0,changed all of round one fungal count values to 0 because original fungal counts were actually just trichomes.,0,0,,
47,3,treatment,1,,16-May-22,136,17-May-22,CG,MW,26,0,0,0,0,0,0,0,0,0,0,0,0,0,0,0,0,AM,0,changed all of round one fungal count values to 0 because original fungal counts were actually just trichomes.,0,0,,
48,1,control,1,,16-May-22,136,17-May-22,AM,MW,17,0,0,0,0,0,0,0,0,0,0,0,0,0,0,0,0,AM,0,changed all of round one fungal count values to 0 because original fungal counts were actually just trichomes.,0,0,,
48,2,control,1,,16-May-22,136,17-May-22,AM,MW,16,0,2,0,0,0,0,0,0,0,0,0,0,0,0,2,0,AM,0,changed all of round one fungal count values to 0 because original fungal counts were actually just trichomes.,0,0,,
48,3,control,1,,16-May-22,136,17-May-22,AM,MW,21,0,0,0,0,0,0,0,0,0,0,0,0,0,0,0,0,AM,0,changed all of round one fungal count values to 0 because original fungal counts were actually just trichomes.,0,0,,
49,1,treatment,1,,16-May-22,136,17-May-22,MO,MW,18,0,0,0,0,0,0,0,0,0,0,0,0,0,0,0,0,AM,0,changed all of round one fungal count values to 0 because original fungal counts were actually just trichomes.,0,0,,
49,2,treatment,1,,16-May-22,136,17-May-22,MO,MW,19,0,0,0,0,0,0,0,0,0,0,0,0,0,0,0,0,AM,0,changed all of round one fungal count values to 0 because original fungal counts were actually just trichomes.,0,0,,
49,3,treatment,1,,16-May-22,136,17-May-22,MO,MW,14,0,0,0,0,0,0,0,0,0,0,0,0,0,0,0,0,AM,0,changed all of round one fungal count values to 0 because original fungal counts were actually just trichomes.,0,0,,
51,1,treatment,1,,16-May-22,136,17-May-22,CG,MW,9,0,0,0,0,0,0,0,0,0,0,0,0,0,0,0,1,AM,0,changed all of round one fungal count values to 0 because original fungal counts were actually just trichomes.,0,0,,
51,2,treatment,1,,16-May-22,136,17-May-22,CG,MW,6,0,0,0,0,0,0,0,0,0,0,0,0,0,0,0,1,AM,0,changed all of round one fungal count values to 0 because original fungal counts were actually just trichomes.,0,0,,
51,3,treatment,1,,16-May-22,136,17-May-22,CG,MW,6,0,0,0,0,0,0,0,0,0,0,0,0,0,0,0,1,AM,0,changed all of round one fungal count values to 0 because original fungal counts were actually just trichomes.,0,0,,
52,1,control,1,,16-May-22,136,17-May-22,AM,MW,16,0,0,0,0,1,0,0,0,0,0,0,0,0,0,1,0,AM,0,changed all of round one fungal count values to 0 because original fungal counts were actually just trichomes.,0,0,,
52,2,control,1,,16-May-22,136,17-May-22,AM,MW,12,0,0,0,0,0,0,0,0,0,0,0,0,0,0,0,0,AM,0,changed all of round one fungal count values to 0 because original fungal counts were actually just trichomes. Tiny leaf tear.,0,1,,
52,3,control,1,,16-May-22,136,17-May-22,AM,MW,12,0,0,0,0,0,0,0,0,0,0,0,0,0,0,0,0,AM,0,changed all of round one fungal count values to 0 because original fungal counts were actually just trichomes. Tiny leaf tear.,0,1,,
53,1,treatment,1,,16-May-22,136,17-May-22,AM,MW,12,0,0,0,0,0,0,0,0,0,0,0,0,0,0,0,1,AM,0,changed all of round one fungal count values to 0 because original fungal counts were actually just trichomes. Small leaf taped over midrib.,1,0,,
53,2,treatment,1,,16-May-22,136,17-May-22,AM,MW,15,0,0,0,0,0,0,0,0,0,0,0,0,0,0,0,1,AM,0,changed all of round one fungal count values to 0 because original fungal counts were actually just trichomes.,0,0,,
53,3,treatment,1,,16-May-22,136,17-May-22,AM,MW,18,0,0,1,0,0,0,0,0,0,0,0,0,0,0,1,1,AM,0,changed all of round one fungal count values to 0 because original fungal counts were actually just trichomes.,0,0,,
54,1,control,1,,16-May-22,136,17-May-22,CG,CG,30,0,0,0,2,1,0,0,0,0,0,0,0,0,0,3,1,AM,0,changed all of round one fungal count values to 0 because original fungal counts were actually just trichomes.,0,0,,
54,2,control,1,,16-May-22,136,17-May-22,CG,CG,30,2,0,0,0,0,0,0,0,0,0,0,0,0,0,0,0,AM,0,changed all of round one fungal count values to 0 because original fungal counts were actually just trichomes.,0,0,,
54,3,control,1,,16-May-22,136,17-May-22,CG,CG,26,0,0,0,0,0,0,0,0,0,0,0,0,0,0,0,0,AM,,tape ripped leaf. No fungi data. NA,na,1,,
55,1,treatment,1,,16-May-22,136,17-May-22,CG,MW,4,0,0,0,0,0,0,0,0,0,0,0,0,0,0,0,1,AM,0,changed all of round one fungal count values to 0 because original fungal counts were actually just trichomes.,0,0,,
55,2,treatment,1,,16-May-22,136,17-May-22,CG,MW,6,0,0,0,0,0,0,0,0,0,0,0,0,0,0,0,1,AM,0,changed all of round one fungal count values to 0 because original fungal counts were actually just trichomes.,0,0,,
55,3,treatment,1,,16-May-22,136,17-May-22,CG,MW,2,0,0,0,0,0,0,0,0,0,0,0,0,0,0,0,1,AM,0,changed all of round one fungal count values to 0 because original fungal counts were actually just trichomes.,0,0,,
56,1,control,1,,16-May-22,136,17-May-22,MO,MW,16,0,0,0,0,0,0,0,0,0,0,0,0,0,0,0,1,AM,0,changed all of round one fungal count values to 0 because original fungal counts were actually just trichomes.,0,0,,
56,2,control,1,,16-May-22,136,17-May-22,MO,MW,21,0,0,0,0,0,0,0,0,0,0,0,0,0,0,0,0,AM,0,changed all of round one fungal count values to 0 because original fungal counts were actually just trichomes.,0,0,,
56,3,control,1,,16-May-22,136,17-May-22,MO,MW,16,0,0,0,0,0,0,0,0,0,0,0,0,0,0,0,1,AM,0,changed all of round one fungal count values to 0 because original fungal counts were actually just trichomes.,0,0,,
57,1,treatment,1,,16-May-22,136,17-May-22,CG,MW,3,0,0,0,0,0,0,0,0,0,0,0,0,0,0,0,1,AM,0,changed all of round one fungal count values to 0 because original fungal counts were actually just trichomes.,0,0,,
57,2,treatment,1,,16-May-22,136,17-May-22,CG,MW,5,0,0,0,0,0,0,0,0,0,0,0,0,0,0,0,0,AM,0,changed all of round one fungal count values to 0 because original fungal counts were actually just trichomes.,0,0,,
57,3,treatment,1,,16-May-22,136,17-May-22,CG,MW,9,0,0,0,0,0,0,0,0,0,0,0,0,0,0,0,1,AM,0,changed all of round one fungal count values to 0 because original fungal counts were actually just trichomes.,0,0,,
58,1,control,1,,16-May-22,136,17-May-22,CG,MW,9,0,0,0,0,0,0,0,0,0,0,0,0,0,0,0,0,AM,0,changed all of round one fungal count values to 0 because original fungal counts were actually just trichomes.,0,0,,
58,2,control,1,,16-May-22,136,17-May-22,CG,MW,9,0,0,0,0,0,0,0,0,0,0,0,0,0,0,0,1,AM,0,changed all of round one fungal count values to 0 because original fungal counts were actually just trichomes.,0,0,,
58,3,control,1,,16-May-22,136,17-May-22,CG,MW,19,0,0,0,0,0,0,2,0,0,0,0,0,0,0,2,1,AM,0,changed all of round one fungal count values to 0 because original fungal counts were actually just trichomes.,0,0,,
59,1,treatment,1,,16-May-22,136,17-May-22,AM,MW,24,0,0,0,0,0,0,0,0,0,0,0,0,0,0,0,1,AM,0,changed all of round one fungal count values to 0 because original fungal counts were actually just trichomes.,0,0,,
59,2,treatment,1,,16-May-22,136,17-May-22,AM,MW,17,0,0,0,0,0,0,0,0,0,0,0,0,0,0,0,1,AM,0,changed all of round one fungal count values to 0 because original fungal counts were actually just trichomes.,0,0,,
59,3,treatment,1,,16-May-22,136,17-May-22,AM,MW,21,0,0,0,0,0,0,0,0,0,0,0,0,0,0,0,0,AM,0,changed all of round one fungal count values to 0 because original fungal counts were actually just trichomes.,0,0,,
60,1,control,1,,16-May-22,136,17-May-22,CG,CG,30,0,0,0,0,0,0,0,0,0,0,0,0,0,0,0,0,AM,0,changed all of round one fungal count values to 0 because original fungal counts were actually just trichomes.,0,0,,
60,2,control,1,,16-May-22,136,17-May-22,CG,CG,24,0,0,0,0,0,0,0,0,0,0,0,0,0,0,0,0,AM,0,changed all of round one fungal count values to 0 because original fungal counts were actually just trichomes.,0,0,,
60,3,control,1,,16-May-22,136,17-May-22,CG,CG,27,0,0,0,0,0,0,0,0,0,0,0,0,0,0,0,0,AM,0,changed all of round one fungal count values to 0 because original fungal counts were actually just trichomes.,0,0,,
61,1,treatment,1,,16-May-22,136,17-May-22,MO,MW,9,1,0,0,0,0,0,0,0,0,0,0,0,0,0,0,1,AM,0,changed all of round one fungal count values to 0 because original fungal counts were actually just trichomes.,0,0,,
61,2,treatment,1,,16-May-22,136,17-May-22,MO,MW,12,0,0,0,0,0,0,0,0,0,0,0,0,0,0,0,0,AM,0,changed all of round one fungal count values to 0 because original fungal counts were actually just trichomes.,0,0,,
61,3,treatment,1,,16-May-22,136,17-May-22,MO,MW,15,0,0,0,0,0,0,0,0,0,0,0,0,0,0,0,0,AM,0,changed all of round one fungal count values to 0 because original fungal counts were actually just trichomes.,0,0,,
62,1,control,1,,16-May-22,136,17-May-22,CG,CG,25,0,1,0,0,0,0,0,0,0,0,0,0,0,0,1,0,AM,0,changed all of round one fungal count values to 0 because original fungal counts were actually just trichomes.,0,0,,
62,2,control,1,,16-May-22,136,17-May-22,CG,CG,25,0,0,0,0,0,0,0,0,0,0,0,0,0,0,0,0,AM,0,changed all of round one fungal count values to 0 because original fungal counts were actually just trichomes.,0,0,,
62,3,control,1,,16-May-22,136,17-May-22,CG,CG,30,0,0,0,0,0,0,0,0,0,0,0,0,0,0,0,0,AM,0,changed all of round one fungal count values to 0 because original fungal counts were actually just trichomes.,0,0,,
63,1,treatment,1,,16-May-22,136,17-May-22,AM,MW,9,0,0,0,0,0,0,0,0,0,0,0,0,0,0,0,0,AM,0,changed all of round one fungal count values to 0 because original fungal counts were actually just trichomes. Taped upper part of leaf over midrib.,1,0,,
63,2,treatment,1,,16-May-22,136,17-May-22,AM,MW,5,0,0,0,0,0,0,0,0,0,0,0,0,0,0,0,0,AM,0,changed all of round one fungal count values to 0 because original fungal counts were actually just trichomes.,0,0,,
63,3,treatment,1,,16-May-22,136,17-May-22,AM,MW,12,0,0,0,0,0,0,0,0,0,0,0,0,0,0,0,1,AM,0,changed all of round one fungal count values to 0 because original fungal counts were actually just trichomes.,0,0,,
64,1,control,1,,16-May-22,136,17-May-22,CG,MW,23,0,0,0,0,0,0,0,0,0,0,0,0,0,0,0,1,AM,0,changed all of round one fungal count values to 0 because original fungal counts were actually just trichomes.,0,0,,
64,2,control,1,,16-May-22,136,17-May-22,CG,MW,20,0,0,0,0,0,0,0,0,0,0,0,0,0,0,0,1,AM,0,changed all of round one fungal count values to 0 because original fungal counts were actually just trichomes.,0,0,,
64,3,control,1,,16-May-22,136,17-May-22,CG,MW,23,0,0,0,0,0,0,0,0,0,0,0,0,0,0,0,1,AM,0,changed all of round one fungal count values to 0 because original fungal counts were actually just trichomes.,0,0,,
65,1,treatment,1,,16-May-22,136,17-May-22,AM,MW,9,0,0,0,0,0,0,0,0,0,0,0,0,0,0,0,1,AM,0,changed all of round one fungal count values to 0 because original fungal counts were actually just trichomes.,0,0,,
65,2,treatment,1,,16-May-22,136,17-May-22,AM,MW,12,0,0,0,0,0,0,0,0,0,0,0,0,0,0,0,0,AM,0,changed all of round one fungal count values to 0 because original fungal counts were actually just trichomes.,0,0,,
65,3,treatment,1,,16-May-22,136,17-May-22,AM,MW,10,0,0,0,0,0,0,0,0,0,0,0,0,0,0,0,0,AM,0,changed all of round one fungal count values to 0 because original fungal counts were actually just trichomes.,0,0,,
66,1,control,1,,16-May-22,136,17-May-22,MO,MW,15,0,0,0,2,0,0,0,0,0,0,0,0,0,0,2,0,AM,0,changed all of round one fungal count values to 0 because original fungal counts were actually just trichomes.,0,0,,
66,2,control,1,,16-May-22,136,17-May-22,MO,MW,15,0,0,0,0,0,0,0,0,0,0,0,0,0,0,0,0,AM,0,changed all of round one fungal count values to 0 because original fungal counts were actually just trichomes.,0,0,,
66,3,control,1,,16-May-22,136,17-May-22,MO,MW,20,0,0,0,0,0,0,0,0,0,0,0,0,0,0,0,0,AM,0,changed all of round one fungal count values to 0 because original fungal counts were actually just trichomes.,0,0,,
1,1,treatment,2,,30-Jun-22,181,1-Jul-22,,CG,25,1,0,2,0,0,0,0,0,0,0,0,0,0,0,2,1,AM,0,,,,,
1,2,treatment,2,,30-Jun-22,181,1-Jul-22,,CG,22,0,0,4,0,0,0,0,0,0,0,0,0,0,0,4,1,AM,0,,,,,
1,3,treatment,2,,30-Jun-22,181,1-Jul-22,,CG,28,0,0,2,1,0,0,0,0,0,0,0,0,0,0,3,0,AM,0,,,,,
2,1,control,2,,30-Jun-22,181,1-Jul-22,,CG,26,0,1,4,3,0,0,0,0,0,0,0,0,0,0,8,0,AM,0,,,,,
2,2,control,2,,30-Jun-22,181,1-Jul-22,,CG,25,1,1,12,1,0,0,0,1,0,0,1,0,0,0,16,0,AM,0,,,,,
2,3,control,2,,30-Jun-22,181,1-Jul-22,,CG,27,0,2,13,3,0,0,0,1,0,0,0,0,0,0,19,0,AM,0,,,,,
3,1,treatment,2,,30-Jun-22,181,1-Jul-22,,MW,21,3,1,7,2,0,0,0,0,0,0,0,0,0,0,10,1,AM,0,,,,,
3,2,treatment,2,,30-Jun-22,181,1-Jul-22,,MW,16,1,0,2,1,0,0,0,0,0,0,0,0,0,0,3,1,AM,0,,,,,
3,3,treatment,2,,30-Jun-22,181,1-Jul-22,,MW,13,1,0,2,0,0,0,0,0,0,0,0,0,0,0,2,0,AM,0,,,,,
4,1,control,2,,30-Jun-22,181,1-Jul-22,,CG,27,3,0,3,1,0,0,0,0,0,0,0,0,0,0,4,0,AM,0,,,,,
4,2,control,2,,30-Jun-22,181,1-Jul-22,,CG,26,2,0,2,0,0,0,0,1,0,0,0,0,0,0,3,0,AM,0,,,,,
4,3,control,2,,30-Jun-22,181,1-Jul-22,,CG,27,1,1,5,0,0,0,0,0,0,0,0,0,0,0,6,0,AM,0,,,,,
5,1,treatment,2,,30-Jun-22,181,1-Jul-22,,MW,14,0,0,0,0,0,0,0,0,0,0,0,0,0,0,0,0,AM,0,,,,,
5,2,treatment,2,,30-Jun-22,181,1-Jul-22,,MW,21,0,0,8,0,0,0,0,0,0,0,0,0,0,0,8,0,AM,0,,,,,
5,3,treatment,2,,30-Jun-22,181,1-Jul-22,,MW,20,0,0,2,0,0,0,0,0,0,0,0,0,0,0,2,0,AM,0,,1,,,
6,1,control,2,,30-Jun-22,181,1-Jul-22,,BSM,24,1,0,2,0,0,0,0,0,0,0,0,0,0,0,2,1,AM,0,,,,"various eggs, psyllid",
6,2,control,2,,30-Jun-22,181,1-Jul-22,,BSM,26,3,0,1,0,0,0,0,0,0,0,0,0,0,0,1,1,AM,0,,,,various eggs,
6,3,control,2,,30-Jun-22,181,1-Jul-22,,BSM,21,2,0,2,0,0,0,0,0,0,0,0,0,0,0,2,1,AM,0,,,,heavy erineum infestation,
7,1,treatment,2,,30-Jun-22,181,1-Jul-22,,MW,22,0,0,2,0,0,0,0,0,0,0,0,0,0,0,2,1,AM,0,,1,,,
7,2,treatment,2,,30-Jun-22,181,1-Jul-22,,MW,19,0,0,3,0,0,1,0,0,0,0,0,0,0,0,4,1,AM,0,,1,,,
7,3,treatment,2,,30-Jun-22,181,1-Jul-22,,MW,25,0,0,2,0,0,0,0,0,0,0,0,0,0,0,2,0,AM,0,,,,,
8,1,control,2,,30-Jun-22,181,1-Jul-22,,MW,25,0,0,8,0,0,0,0,0,0,0,0,0,0,0,8,0,AM,0,,,,,
8,2,control,2,,30-Jun-22,181,1-Jul-22,,MW,23,0,0,19,0,0,0,0,0,0,0,0,0,0,0,19,1,AM,0,,,,,
8,3,control,2,,30-Jun-22,181,1-Jul-22,,MW,21,0,0,13,3,0,0,0,0,0,0,0,0,0,0,16,0,AM,0,,,,,
9,1,treatment,2,,30-Jun-22,181,1-Jul-22,,MW,24,0,0,3,0,0,0,0,0,0,0,0,0,0,0,3,1,AM,0,,,,,
9,2,treatment,2,,30-Jun-22,181,1-Jul-22,,MW,23,3,0,4,0,0,1,0,0,0,0,0,0,0,0,5,0,AM,0,,,,,
9,3,treatment,2,,30-Jun-22,181,1-Jul-22,,MW,19,0,0,1,4,0,0,0,0,0,0,0,0,0,0,5,0,AM,0,,1,,,
10,1,control,2,,30-Jun-22,181,1-Jul-22,,MW,22,0,0,0,0,0,0,0,0,0,0,0,0,0,0,0,1,AM,0,,,,,
10,2,control,2,,30-Jun-22,181,1-Jul-22,,MW,23,0,0,0,2,0,0,0,0,0,0,0,0,0,0,2,0,AM,0,,,,,
10,3,control,2,,30-Jun-22,181,1-Jul-22,,MW,19,0,0,1,0,0,1,0,0,0,0,0,0,0,0,2,0,AM,0,,,,,
11,1,treatment,2,,30-Jun-22,181,1-Jul-22,,MW,16,0,0,0,0,0,0,0,0,0,0,0,0,0,0,0,1,AM,0,,,,,
11,2,treatment,2,,30-Jun-22,181,1-Jul-22,,MW,17,0,0,2,1,0,0,0,0,0,0,0,0,0,0,3,1,AM,3,,1,,,
11,3,treatment,2,,30-Jun-22,181,1-Jul-22,,MW,20,0,0,2,0,0,1,0,0,0,0,0,0,0,0,3,1,AM,0,,,,,
12,1,control,2,,30-Jun-22,181,1-Jul-22,,MW,23,5,0,0,0,0,1,0,0,0,0,0,0,0,0,1,1,AM,2,,,,,
12,2,control,2,,30-Jun-22,181,1-Jul-22,,MW,25,1,0,0,0,0,0,0,0,0,0,0,0,0,0,0,0,AM,13,,,,,
12,3,control,2,,30-Jun-22,181,1-Jul-22,,MW,19,0,0,0,0,0,0,0,0,0,0,0,0,0,0,0,0,AM,26,,,,,
13,1,treatment,2,,30-Jun-22,181,1-Jul-22,,MW,22,2,1,6,1,0,0,0,0,0,0,0,0,0,0,8,1,AM,0,,,,,
13,2,treatment,2,,30-Jun-22,181,1-Jul-22,,MW,25,5,0,4,0,0,2,0,0,0,0,0,0,0,0,6,0,AM,0,,,,,
13,3,treatment,2,,30-Jun-22,181,1-Jul-22,,MW,24,2,2,6,0,0,0,0,0,0,0,0,0,0,0,8,1,AM,0,,1,,,
14,1,control,2,,30-Jun-22,181,1-Jul-22,,CG,27,0,0,4,0,0,0,0,0,0,0,0,0,0,0,4,0,AM,1,,,,very wet leaf,
14,2,control,2,,30-Jun-22,181,1-Jul-22,,CG,25,4,0,12,3,0,0,0,0,3,0,0,0,0,0,18,0,AM,0,,,,,
14,3,control,2,,30-Jun-22,181,1-Jul-22,,CG,25,0,0,7,4,0,1,0,0,4,0,2,0,0,0,18,1,AM,0,,,,,
15,1,treatment,2,,30-Jun-22,181,1-Jul-22,,MW,24,0,0,0,0,0,0,0,0,0,0,0,0,0,0,0,1,AM,13,,,,,
15,2,treatment,2,,30-Jun-22,181,1-Jul-22,,MW,19,2,0,4,0,0,0,0,0,0,0,0,0,0,0,4,1,AM,0,taped over midrib because of eriophyids,1,,,
15,3,treatment,2,,30-Jun-22,181,1-Jul-22,,MW,24,0,0,0,0,0,0,0,0,0,0,0,0,0,0,0,1,AM,8,,,,,
16,1,control,2,,30-Jun-22,181,1-Jul-22,,CG,25,1,0,0,0,0,0,0,1,0,0,0,0,0,0,1,1,AM,0,,,,big eggs,
16,2,control,2,,30-Jun-22,181,1-Jul-22,,CG,27,0,0,0,0,0,0,0,0,0,0,0,0,0,0,0,1,AM,0,,,,lots of erinea,
16,3,control,2,,30-Jun-22,181,1-Jul-22,,CG,27,0,0,4,0,0,0,0,0,0,0,0,0,0,0,4,1,AM,0,,,,,
17,1,treatment,2,,30-Jun-22,181,1-Jul-22,,MW,22,0,0,0,0,0,0,0,0,0,0,0,0,0,0,0,1,AM,0,,,,,
17,2,treatment,2,,30-Jun-22,181,1-Jul-22,,MW,16,0,0,1,0,0,0,0,0,0,0,0,0,0,0,1,0,AM,0,,,,,
17,3,treatment,2,,30-Jun-22,181,1-Jul-22,,MW,21,0,1,2,0,0,1,0,0,0,0,0,0,0,0,4,0,AM,0,,,,,
18,1,control,2,,30-Jun-22,181,1-Jul-22,,CG,28,2,2,2,0,0,0,0,0,0,0,0,1,0,0,5,0,AM,0,changed to zero after conversation with Rebecca,,,,
18,2,control,2,,30-Jun-22,181,1-Jul-22,,CG,26,3,1,5,3,0,0,0,0,0,0,0,5,0,0,14,1,AM,0,changed to zero after conversation with Rebecca,,,,
18,3,control,2,,30-Jun-22,181,1-Jul-22,,CG,28,0,6,5,4,0,0,0,0,0,0,0,3,0,0,18,0,AM,0,changed to zero after conversation with Rebecca,,,,
19,1,treatment,2,,30-Jun-22,181,1-Jul-22,,MW,23,0,0,4,5,0,0,0,0,0,0,0,0,0,0,9,1,AM,1,,,,,
19,2,treatment,2,,30-Jun-22,181,1-Jul-22,,MW,23,2,0,0,0,1,0,0,0,0,0,0,0,0,0,1,0,AM,0,,,,,
19,3,treatment,2,,30-Jun-22,181,1-Jul-22,,MW,18,0,0,0,0,0,0,0,0,0,0,0,0,0,0,0,0,AM,0,,,,,
20,1,control,2,,30-Jun-22,181,1-Jul-22,,MW,22,1,0,0,0,0,1,0,0,0,0,0,0,0,0,1,1,AM,0,,,,,
20,2,control,2,,30-Jun-22,181,1-Jul-22,,MW,21,2,1,6,1,0,1,0,0,0,0,0,0,0,0,9,0,AM,0,,,,,
20,3,control,2,,30-Jun-22,181,1-Jul-22,,MW,24,1,2,6,0,0,0,0,0,0,0,0,0,0,0,8,1,AM,0,,,,,
21,1,treatment,2,,30-Jun-22,181,1-Jul-22,,MW,26,0,0,6,3,0,0,0,0,0,0,0,0,0,0,9,0,AM,0,,,,,
21,2,treatment,2,,30-Jun-22,181,1-Jul-22,,MW,25,0,0,2,1,0,0,0,0,0,0,0,0,0,0,3,0,AM,0,,,,,
21,3,treatment,2,,30-Jun-22,181,1-Jul-22,,MW,15,0,0,0,0,0,0,0,0,0,0,0,0,0,0,0,0,AM,0,,1,,,
22,1,control,2,,30-Jun-22,181,1-Jul-22,,MW,23,0,0,4,4,0,1,0,0,0,0,0,0,0,0,9,0,AM,0,,,,,
22,2,control,2,,30-Jun-22,181,1-Jul-22,,MW,18,0,0,2,3,0,1,0,0,0,0,0,0,0,0,6,1,AM,0,,,,,
22,3,control,2,,30-Jun-22,181,1-Jul-22,,MW,21,2,0,1,0,0,0,0,0,0,0,0,0,0,0,1,0,AM,0,,,,,
23,1,treatment,2,,30-Jun-22,181,1-Jul-22,,CG,26,3,0,9,3,0,0,0,0,3,0,0,0,0,0,15,0,AM,1,,,,,
23,2,treatment,2,,30-Jun-22,181,1-Jul-22,,CG,27,0,0,0,0,0,1,0,1,0,0,0,0,0,0,2,0,AM,0,,,,,
23,3,treatment,2,,30-Jun-22,181,1-Jul-22,,CG,27,1,0,13,1,0,0,0,0,6,0,1,0,0,0,21,0,AM,0,,,,,
24,1,control,2,,30-Jun-22,181,1-Jul-22,,MW,20,0,0,2,0,0,0,0,0,0,0,0,0,0,0,2,1,AM,0,,,,,
24,2,control,2,,30-Jun-22,181,1-Jul-22,,MW,13,0,0,5,4,1,0,0,0,0,0,0,0,0,0,10,0,AM,0,,,,,
24,3,control,2,,30-Jun-22,181,1-Jul-22,,MW,22,0,1,3,0,0,0,0,0,0,0,0,0,0,0,4,0,AM,0,,,,,
25,1,treatment,2,,30-Jun-22,181,1-Jul-22,,MW,25,1,1,0,0,0,0,0,0,0,0,0,0,0,0,1,1,AM,0,,,,,
25,2,treatment,2,,30-Jun-22,181,1-Jul-22,,MW,27,0,0,2,0,0,0,0,0,0,0,0,0,0,0,2,1,AM,0,,,,,
25,3,treatment,2,,30-Jun-22,181,1-Jul-22,,MW,23,0,0,1,1,1,1,0,0,0,0,0,0,0,0,4,1,AM,0,,,,,
26,1,control,2,,30-Jun-22,181,1-Jul-22,,CG,22,0,0,1,1,0,0,0,0,0,0,0,0,0,0,2,1,AM,1,,,,,
26,2,control,2,,30-Jun-22,181,1-Jul-22,,CG,24,0,0,0,2,0,0,0,0,0,0,0,0,0,0,2,1,AM,6,,,,,
26,3,control,2,,30-Jun-22,181,1-Jul-22,,CG,25,0,0,4,1,0,0,0,1,0,0,0,0,0,0,6,0,AM,0,,,,,
27,1,treatment,2,,30-Jun-22,181,1-Jul-22,,CG,27,0,0,11,3,0,0,0,0,0,0,0,0,0,0,14,0,AM,0,,,,,
27,2,treatment,2,,30-Jun-22,181,1-Jul-22,,CG,23,1,0,1,0,0,0,0,0,0,0,0,0,0,0,1,0,AM,0,,,,,
27,3,treatment,2,,30-Jun-22,181,1-Jul-22,,CG,26,0,0,9,0,0,2,0,0,0,0,0,0,0,0,11,0,AM,0,,,,,
28,1,control,2,,30-Jun-22,181,1-Jul-22,,CG,26,0,0,1,1,0,0,0,2,0,0,0,0,0,0,4,0,AM,0,,,,,
28,2,control,2,,30-Jun-22,181,1-Jul-22,,CG,24,0,0,2,0,0,0,0,0,0,0,0,0,0,0,2,0,AM,0,,,,leaf unhealthy,
28,3,control,2,,30-Jun-22,181,1-Jul-22,,CG,28,1,0,7,3,0,0,0,1,0,0,0,0,0,0,11,0,AM,0,,,,leaf unhealthy,
29,1,treatment,2,,30-Jun-22,181,1-Jul-22,,MW,23,0,0,2,2,0,0,0,0,0,0,0,0,0,0,4,0,AM,0,,,,,
29,2,treatment,2,,30-Jun-22,181,1-Jul-22,,MW,23,0,0,1,0,0,0,0,0,0,0,0,0,0,0,1,0,AM,0,,,,,
29,3,treatment,2,,30-Jun-22,181,1-Jul-22,,MW,22,0,0,3,2,0,1,0,0,0,0,0,0,0,0,6,1,AM,0,,,,,
30,1,control,2,,30-Jun-22,181,1-Jul-22,,MW,20,0,0,0,0,0,2,0,0,0,0,0,0,0,0,2,0,AM,0,,,,,
30,2,control,2,,30-Jun-22,181,1-Jul-22,,MW,25,0,0,2,0,0,0,0,0,0,0,0,0,0,0,2,1,AM,0,,,,,
30,3,control,2,,30-Jun-22,181,1-Jul-22,,MW,23,1,0,1,0,0,0,0,0,0,0,0,0,0,0,1,0,AM,0,,,,,
31,1,treatment,2,,30-Jun-22,181,1-Jul-22,,MW,22,0,1,2,0,0,1,0,0,0,0,0,0,0,0,4,0,AM,0,,,,,
31,2,treatment,2,,30-Jun-22,181,1-Jul-22,,MW,17,0,0,0,0,0,0,0,0,0,0,0,0,0,0,0,0,AM,4,,,,,
31,3,treatment,2,,30-Jun-22,181,1-Jul-22,,MW,26,0,0,0,0,0,0,0,0,0,0,0,0,0,0,0,0,AM,1,,,,,
32,1,control,2,,30-Jun-22,181,1-Jul-22,,CG,22,0,0,0,1,0,0,0,0,0,0,0,0,0,0,1,0,AM,0,,,,"dead mite, leaf unhealthy","upper half of tree, all leaves dead"
32,2,control,2,,30-Jun-22,181,1-Jul-22,,CG,26,0,0,1,0,0,0,0,0,0,0,0,0,0,0,1,0,AM,0,,,,leaf unhealthy,"upper half of tree, all leaves dead"
32,3,control,2,,30-Jun-22,181,1-Jul-22,,CG,27,0,0,0,0,0,0,0,1,1,0,0,0,0,0,2,0,AM,0,,,,leaf unhealthy,"upper half of tree, all leaves dead"
33,1,treatment,2,,30-Jun-22,181,1-Jul-22,,MW,20,1,0,2,2,0,0,0,0,0,0,0,0,0,0,4,0,AM,1,,,,,
33,2,treatment,2,,30-Jun-22,181,1-Jul-22,,MW,21,0,1,0,0,0,0,0,0,0,0,0,0,0,0,1,0,AM,0,,,,,
33,3,treatment,2,,30-Jun-22,181,1-Jul-22,,MW,21,0,0,0,0,0,0,0,0,0,0,0,0,0,0,0,0,AM,0,,,,,
34,1,control,2,,30-Jun-22,181,1-Jul-22,,MW,17,1,0,1,4,0,0,0,0,0,0,0,0,0,0,5,1,AM,0,,,,,
34,2,control,2,,30-Jun-22,181,1-Jul-22,,MW,18,0,1,9,2,0,0,0,0,0,0,0,0,0,0,12,0,AM,0,,,,,
34,3,control,2,,30-Jun-22,181,1-Jul-22,,MW,13,0,0,1,1,0,0,0,0,0,0,0,0,0,0,2,0,AM,0,,,,,
35,1,treatment,2,,30-Jun-22,181,1-Jul-22,,MW,19,0,0,0,0,0,0,0,0,0,0,0,0,0,0,0,0,AM,1,,,,,
35,2,treatment,2,,30-Jun-22,181,1-Jul-22,,MW,21,2,0,1,1,0,1,0,0,0,0,0,0,0,0,3,0,AM,2,,,,,
35,3,treatment,2,,30-Jun-22,181,1-Jul-22,,MW,23,0,0,6,6,0,0,0,0,0,0,0,0,0,0,12,0,AM,2,,,,,
36,1,control,2,,30-Jun-22,181,1-Jul-22,,AM,31,4,4,2,0,0,1,0,0,0,0,0,0,0,0,7,1,AM,0,,,,,
36,2,control,2,,30-Jun-22,181,1-Jul-22,,MW,25,2,1,0,0,0,1,0,0,0,0,0,0,0,0,2,1,AM,0,,,,,
36,3,control,2,,30-Jun-22,181,1-Jul-22,,MW,23,1,1,0,0,0,0,0,0,0,0,0,0,0,0,1,1,AM,0,,,,,
37,1,treatment,2,,30-Jun-22,181,1-Jul-22,,MW,21,0,0,0,0,0,0,0,0,0,0,0,0,0,0,0,0,AM,1,,,,,
37,2,treatment,2,,30-Jun-22,181,1-Jul-22,,MW,20,0,0,1,0,1,0,0,0,0,0,0,0,0,0,2,0,AM,0,,,,,
37,3,treatment,2,,30-Jun-22,181,1-Jul-22,,MW,20,0,0,0,0,0,0,0,0,0,0,0,0,0,0,0,0,AM,4,,1,,,
38,1,control,2,,30-Jun-22,181,1-Jul-22,,MW,23,0,0,0,0,0,0,0,0,0,0,0,0,0,0,0,0,AM,0,,1,,,
38,2,control,2,,30-Jun-22,181,1-Jul-22,,MW,23,0,0,1,0,0,0,0,0,0,0,0,0,1,0,2,1,AM,0,,1,,,
38,3,control,2,,30-Jun-22,181,1-Jul-22,,MW,22,1,0,1,0,0,1,0,0,0,0,0,0,0,0,2,1,AM,0,,,,,
39,1,treatment,2,,30-Jun-22,181,1-Jul-22,,MW,26,1,0,4,1,0,0,0,0,0,0,0,0,0,0,5,1,AM,0,,,,,
39,2,treatment,2,,30-Jun-22,181,1-Jul-22,,MW,21,0,0,2,0,0,1,0,0,0,0,0,0,0,0,3,1,AM,0,,,,,
39,3,treatment,2,,30-Jun-22,181,1-Jul-22,,MW,28,0,0,9,1,0,0,0,0,0,0,0,0,0,0,10,1,AM,0,,,,,
40,1,control,2,,30-Jun-22,181,1-Jul-22,,MW,22,2,0,3,1,0,0,0,0,0,0,0,0,0,0,4,1,AM,0,,,,,
40,2,control,2,,30-Jun-22,181,1-Jul-22,,MW,20,0,0,1,0,0,0,0,0,0,0,0,0,0,0,1,1,AM,0,,,,,
40,3,control,2,,30-Jun-22,181,1-Jul-22,,MW,22,0,0,0,0,0,0,0,0,0,0,0,0,0,0,0,1,AM,8,,,,,
41,1,treatment,2,,30-Jun-22,181,1-Jul-22,,MW,19,0,0,6,1,1,0,0,0,0,0,0,0,0,0,8,1,AM,0,,,,,
41,2,treatment,2,,30-Jun-22,181,1-Jul-22,,MW,22,0,0,4,3,0,0,0,0,0,0,0,0,0,0,7,0,AM,0,,,,,
41,3,treatment,2,,30-Jun-22,181,1-Jul-22,,MW,17,0,0,2,0,0,0,0,0,0,0,0,0,0,0,2,0,AM,1,,,,,
42,1,control,2,,30-Jun-22,181,1-Jul-22,,MW,21,0,0,1,0,0,0,0,0,0,0,0,0,0,0,1,1,AM,8,,,,,
42,2,control,2,,30-Jun-22,181,1-Jul-22,,MW,17,1,0,1,0,0,0,0,0,0,0,0,0,0,0,1,0,AM,7,,,,,
42,3,control,2,,30-Jun-22,181,1-Jul-22,,MW,18,1,0,0,0,0,1,0,0,0,0,0,0,0,0,1,1,AM,15,,,,,
43,1,treatment,2,,30-Jun-22,181,1-Jul-22,,CG,27,4,0,4,0,0,0,0,0,0,0,0,0,0,0,4,1,AM,12,,,,,
43,2,treatment,2,,30-Jun-22,181,1-Jul-22,,CG,27,0,0,4,1,0,0,0,0,0,0,0,0,0,0,5,1,AM,4,,,,,
43,3,treatment,2,,30-Jun-22,181,1-Jul-22,,CG,22,0,0,4,0,0,0,0,0,1,0,0,0,0,0,5,0,AM,4,,,,,
44,1,control,2,,30-Jun-22,181,1-Jul-22,,CG,27,9,5,0,0,0,0,0,0,0,0,0,1,0,0,6,0,AM,0,,,,,
44,2,control,2,,30-Jun-22,181,1-Jul-22,,CG,29,1,3,1,3,0,0,0,0,3,0,0,1,0,0,11,0,AM,0,,,,,
44,3,control,2,,30-Jun-22,181,1-Jul-22,,CG,28,2,0,2,0,0,0,0,0,0,0,0,0,0,0,2,0,AM,0,changed to zero after conversation with Rebecca,,,,
45,1,treatment,2,,30-Jun-22,181,1-Jul-22,,CG,29,0,0,1,0,0,0,0,0,0,0,0,0,0,0,1,1,AM,0,,,,,
45,2,treatment,2,,30-Jun-22,181,1-Jul-22,,CG,31,0,0,2,3,0,1,0,0,0,0,0,0,0,0,6,0,AM,2,,,,,
45,3,treatment,2,,30-Jun-22,181,1-Jul-22,,CG,30,0,0,3,0,0,0,0,0,0,0,2,0,0,0,5,1,AM,0,,,,one mite too waterlogged,
46,1,control,2,,30-Jun-22,181,1-Jul-22,,MW,23,0,1,5,0,0,1,0,0,0,0,0,0,0,0,7,1,AM,0,,,,,
46,2,control,2,,30-Jun-22,181,1-Jul-22,,MW,17,0,0,1,0,0,0,0,0,0,0,0,0,0,0,1,1,AM,0,,,,,
46,3,control,2,,30-Jun-22,181,1-Jul-22,,MW,20,1,0,3,1,0,0,0,0,0,0,0,0,0,0,4,1,AM,0,,,,,
47,1,treatment,2,,30-Jun-22,181,1-Jul-22,,CG,27,0,1,16,7,0,1,0,0,0,0,0,0,0,0,25,0,AM,0,,,,,
47,2,treatment,2,,30-Jun-22,181,1-Jul-22,,CG,26,0,0,12,7,0,0,0,0,0,0,1,0,0,0,20,0,AM,0,,,,,
47,3,treatment,2,,30-Jun-22,181,1-Jul-22,,CG,27,0,0,6,4,0,0,0,0,0,0,0,0,0,0,10,0,AM,0,,,,,
48,1,control,2,,30-Jun-22,181,1-Jul-22,,BSM,21,0,0,2,0,0,1,0,0,0,0,0,0,0,0,3,0,AM,0,changed to zero after conversation with Rebecca,,,,
48,2,control,2,,30-Jun-22,181,1-Jul-22,,BSM,26,1,2,3,0,0,0,0,0,0,0,0,0,0,0,5,0,AM,0,changed to zero after conversation with Rebecca,,,,
48,3,control,2,,30-Jun-22,181,1-Jul-22,,BSM,25,1,0,3,1,0,0,0,0,0,0,0,0,0,0,4,0,AM,0,changed to zero after conversation with Rebecca,,,few unidentified egg masses. Also psyllid!,
49,1,treatment,2,,30-Jun-22,181,1-Jul-22,,CG,26,0,0,5,2,0,0,0,1,0,0,0,0,0,0,8,0,AM,0,,,,,
49,2,treatment,2,,30-Jun-22,181,1-Jul-22,,CG,28,2,0,2,2,0,0,0,0,1,0,0,0,0,0,5,0,AM,0,,,,,
49,3,treatment,2,,30-Jun-22,181,1-Jul-22,,CG,28,1,0,6,2,0,0,0,0,0,0,0,0,0,0,8,0,AM,0,,,,,
51,1,treatment,2,,30-Jun-22,181,1-Jul-22,,MW,16,0,0,1,0,0,0,0,0,0,0,0,0,0,0,1,1,AM,0,,,,,
51,2,treatment,2,,30-Jun-22,181,1-Jul-22,,MW,20,0,0,0,1,0,0,0,0,0,0,0,0,0,0,1,1,AM,0,,,,,
51,3,treatment,2,,30-Jun-22,181,1-Jul-22,,MW,26,2,0,1,1,0,1,0,0,0,0,0,0,0,0,3,0,AM,0,,,,,
52,1,control,2,,30-Jun-22,181,1-Jul-22,,MW,21,0,0,0,0,0,0,0,0,0,0,0,0,0,0,0,1,AM,0,,,,,
52,2,control,2,,30-Jun-22,181,1-Jul-22,,MW,18,0,0,0,0,0,0,0,0,0,0,0,0,0,0,0,1,AM,3,,1,,,
52,3,control,2,,30-Jun-22,181,1-Jul-22,,MW,21,0,0,0,0,0,0,0,0,0,0,0,0,0,0,0,0,AM,2,,,,,
53,1,treatment,2,,30-Jun-22,181,1-Jul-22,,BSM,19,1,3,1,0,0,0,0,0,0,0,0,0,0,0,4,0,AM,0,changed to zero after conversation with Rebecca,,,large egg masses,
53,2,treatment,2,,30-Jun-22,181,1-Jul-22,,BSM,19,1,1,8,0,0,0,0,0,0,0,0,0,0,0,9,0,AM,0,changed to zero after conversation with Rebecca,,,large egg masses,
53,3,treatment,2,,30-Jun-22,181,1-Jul-22,,BSM,18,0,0,1,0,0,0,0,0,0,0,0,0,0,0,1,0,AM,0,changed to zero after conversation with Rebecca,,,"five large, yellowish oval eggs",
54,1,control,2,,30-Jun-22,181,1-Jul-22,,CG,25,1,0,5,1,0,0,0,0,2,0,0,0,0,0,8,1,AM,0,,,,,
54,2,control,2,,30-Jun-22,181,1-Jul-22,,CG,27,3,0,5,0,0,0,0,0,2,0,0,0,0,0,7,1,AM,0,,,,,
54,3,control,2,,30-Jun-22,181,1-Jul-22,,CG,21,4,1,5,2,0,0,0,1,1,0,0,0,0,0,10,0,AM,0,,,,,
55,1,treatment,2,,30-Jun-22,181,1-Jul-22,,MW,15,1,0,1,0,0,2,0,0,0,0,0,0,0,0,3,1,AM,0,,,,,
55,2,treatment,2,,30-Jun-22,181,1-Jul-22,,MW,20,0,0,0,1,0,2,0,0,0,0,0,0,0,0,3,1,AM,0,,,,,
55,3,treatment,2,,30-Jun-22,181,1-Jul-22,,MW,19,0,0,5,0,0,0,0,0,0,0,0,0,0,0,5,1,AM,0,,,,,
56,1,control,2,,30-Jun-22,181,1-Jul-22,,CG,25,3,0,15,1,0,0,0,0,0,0,0,0,0,0,16,1,AM,0,,,,,
56,2,control,2,,30-Jun-22,181,1-Jul-22,,CG,27,0,1,11,0,0,0,0,1,0,0,2,0,0,0,15,0,AM,0,,,,,
56,3,control,2,,30-Jun-22,181,1-Jul-22,,CG,28,1,0,5,0,0,1,0,0,0,0,0,0,0,0,6,1,AM,0,,,,,
57,1,treatment,2,,30-Jun-22,181,1-Jul-22,,CG,25,0,0,0,0,0,0,0,0,0,0,0,0,0,0,0,0,AM,0,,,,,
57,2,treatment,2,,30-Jun-22,181,1-Jul-22,,CG,28,0,0,1,0,0,0,0,0,0,0,0,0,0,0,1,0,AM,0,,,,,
57,3,treatment,2,,30-Jun-22,181,1-Jul-22,,CG,27,0,0,16,1,0,0,0,0,0,0,0,0,0,0,17,0,AM,6,,,,,
58,1,control,2,,30-Jun-22,181,1-Jul-22,,MW,22,0,0,0,0,0,0,0,0,0,0,0,0,0,0,0,1,AM,0,,,,,
58,2,control,2,,30-Jun-22,181,1-Jul-22,,MW,22,1,0,2,2,0,0,0,0,0,0,0,0,0,0,4,0,AM,0,,,,,
58,3,control,2,,30-Jun-22,181,1-Jul-22,,MW,23,0,1,0,0,0,0,0,0,0,0,0,0,0,0,1,0,AM,0,,,,,
59,1,treatment,2,,30-Jun-22,181,1-Jul-22,,BSM,24,0,0,0,0,0,0,0,0,0,0,0,0,0,0,0,0,AM,0,,,,,
59,2,treatment,2,,30-Jun-22,181,1-Jul-22,,BSM,27,0,1,1,1,0,0,0,0,0,0,0,0,0,0,3,1,AM,0,,,,,
59,3,treatment,2,,30-Jun-22,181,1-Jul-22,,BSM,26,0,0,0,0,0,0,0,0,0,0,0,0,0,0,0,0,AM,0,,,,various eggs,
60,1,control,2,,30-Jun-22,181,1-Jul-22,,CG,24,0,0,5,1,0,0,0,0,0,0,1,0,0,0,7,0,AM,0,,,,one might could not be removed from domatium,
60,2,control,2,,30-Jun-22,181,1-Jul-22,,CG,27,1,0,3,5,0,1,0,0,0,0,0,1,0,0,10,1,AM,0,,,,,
60,3,control,2,,30-Jun-22,181,1-Jul-22,,CG,29,0,1,2,0,0,1,0,0,0,0,0,0,0,0,4,0,AM,0,,,,,
61,1,treatment,2,,30-Jun-22,181,1-Jul-22,,CG,27,0,0,6,3,0,0,0,0,0,0,0,0,0,0,9,0,AM,0,,,,,
61,2,treatment,2,,30-Jun-22,181,1-Jul-22,,CG,25,0,0,6,0,0,0,0,0,0,0,0,0,0,0,6,1,AM,0,,,,,
61,3,treatment,2,,30-Jun-22,181,1-Jul-22,,CG,27,1,0,5,5,0,1,0,0,0,0,0,0,0,0,11,1,AM,0,,,,,
62,1,control,2,,30-Jun-22,181,1-Jul-22,,MW,25,0,0,10,5,0,1,0,0,0,0,0,0,0,0,16,0,AM,0,,,,,
62,2,control,2,,30-Jun-22,181,1-Jul-22,,MW,24,0,0,0,0,0,0,0,0,0,0,0,0,0,0,0,1,AM,0,,,,,
62,3,control,2,,30-Jun-22,181,1-Jul-22,,MW,21,0,0,0,0,0,0,0,0,0,0,0,0,0,0,0,1,AM,0,,,,,
63,1,treatment,2,,30-Jun-22,181,1-Jul-22,,MW,26,0,1,2,2,0,0,0,0,0,0,0,0,0,0,5,0,AM,0,,,,,
63,2,treatment,2,,30-Jun-22,181,1-Jul-22,,MW,23,0,1,3,2,0,1,0,0,0,0,0,0,0,0,7,0,AM,0,,,,,
63,3,treatment,2,,30-Jun-22,181,1-Jul-22,,MW,22,0,0,0,0,0,0,0,0,0,0,0,0,0,0,0,0,AM,0,,,,,
64,1,control,2,,30-Jun-22,181,1-Jul-22,,MW,27,0,0,3,0,0,0,0,0,0,0,0,0,0,0,3,1,AM,89,took a photo of this fungi,1,,,
64,2,control,2,,30-Jun-22,181,1-Jul-22,,MW,25,0,1,0,0,0,0,0,0,0,0,0,0,0,0,1,1,AM,0,,1,,,
64,3,control,2,,30-Jun-22,181,1-Jul-22,,MW,23,0,0,0,0,0,0,0,0,0,0,0,0,0,0,0,1,AM,0,,,,,
65,1,treatment,2,,30-Jun-22,181,1-Jul-22,,MW,22,0,0,2,0,0,2,0,0,0,0,0,0,0,0,4,0,AM,0,,,,,
65,2,treatment,2,,30-Jun-22,181,1-Jul-22,,MW,20,0,1,1,0,0,1,0,0,0,0,0,0,0,0,3,1,AM,0,,,,,
65,3,treatment,2,,30-Jun-22,181,1-Jul-22,,MW,20,0,0,0,0,0,0,0,0,0,0,0,0,0,0,0,1,AM,1,,,,,
66,1,control,2,,30-Jun-22,181,1-Jul-22,,MW,18,1,0,3,1,0,0,0,0,0,0,0,0,0,0,4,1,AM,0,,,,,
66,2,control,2,,30-Jun-22,181,1-Jul-22,,MW,20,0,0,1,2,0,0,0,0,0,0,0,0,0,0,3,0,AM,0,,,,,
66,3,control,2,,30-Jun-22,181,1-Jul-22,,MW,19,0,1,2,0,0,0,0,0,0,0,0,0,0,0,3,0,AM,0,,,,,
1,1,treatment,3,,15-Aug-22,227,16-Aug-22,,AM,26,0,0,2,0,0,0,0,0,0,0,0,0,0,0,2,1,RG,8,leaf tore during peel,,1,,
1,2,treatment,3,,15-Aug-22,227,16-Aug-22,,AM,20,0,0,1,0,0,0,0,0,0,0,0,0,0,0,1,1,RG,3,peeled over midrib,1,,,
1,3,treatment,3,,15-Aug-22,227,16-Aug-22,,AM,31,0,2,1,0,0,0,,0,0,0,0,0,0,0,3,1,RG,8,,,,,
2,1,control,3,,15-Aug-22,227,16-Aug-22,,AM,31,0,0,11,0,0,0,0,0,0,0,0,0,0,0,11,0,RG,0,,,,,
2,2,control,3,,15-Aug-22,227,16-Aug-22,,AM,26,0,0,8,0,0,0,0,0,0,0,0,0,0,0,8,0,RG,0,,,,,
2,3,control,3,,15-Aug-22,227,16-Aug-22,,AM,28,0,0,10,1,0,0,0,0,0,0,0,0,0,0,11,0,RG,4,,,,,
3,1,treatment,3,,15-Aug-22,227,16-Aug-22,,AM,31,1,0,5,0,0,0,0,1,0,0,0,0,0,0,6,1,RG,7,leaf tore during peel,,1,,
3,2,treatment,3,,15-Aug-22,227,16-Aug-22,,AM,29,0,0,1,0,0,0,0,1,0,1,0,0,0,0,3,1,RG,15,,,,,
3,3,treatment,3,,15-Aug-22,227,16-Aug-22,,AM,28,2,0,2,2,0,0,0,0,0,0,0,0,0,0,4,0,RG,8,,,,1 Psyllid,
4,1,control,3,,15-Aug-22,227,16-Aug-22,,CG,24,0,0,7,1,1,0,0,0,0,0,0,0,0,0,9,0,RG,2,,,,,
4,2,control,3,,15-Aug-22,227,16-Aug-22,,CG,25,0,0,12,1,2,0,0,0,0,0,0,0,0,0,15,0,RG,3,,,,,
4,3,control,3,,15-Aug-22,227,16-Aug-22,,CG,23,3,2,12,5,0,0,0,0,0,0,0,0,0,0,19,1,RG,2,,,,,
5,1,treatment,3,,15-Aug-22,227,16-Aug-22,,AM,26,1,1,1,0,0,0,0,0,0,0,0,0,0,0,2,1,RG,26,,,,,vine growing on tree
5,2,treatment,3,,15-Aug-22,227,16-Aug-22,,AM,27,0,0,0,0,0,0,0,0,0,0,0,0,0,0,0,0,RG,14,,,,,vine growing on tree
5,3,treatment,3,,15-Aug-22,227,16-Aug-22,,AM,24,0,0,0,0,0,0,0,0,0,0,0,0,0,0,0,1,RG,8,,,,,vine growing on tree
6,1,control,3,,15-Aug-22,227,16-Aug-22,,CG,21,3,0,1,1,0,0,0,0,0,0,0,0,0,0,2,1,RG,7,leaf tore during peel,,1,,
6,2,control,3,,15-Aug-22,227,16-Aug-22,,CG,21,0,2,1,1,0,0,0,0,0,0,0,0,0,0,4,0,RG,0,peeled over midrib,1,,,
6,3,control,3,,15-Aug-22,227,16-Aug-22,,CG,22,5,0,1,2,0,0,0,1,0,0,0,0,0,0,4,0,RG,8,,,,,
7,1,treatment,3,,15-Aug-22,227,16-Aug-22,,AM,27,0,0,0,0,0,0,0,1,0,0,0,0,0,0,1,0,RG,0,peeled over midrib,1,,,
7,2,treatment,3,,15-Aug-22,227,16-Aug-22,,AM,26,0,0,0,0,0,0,0,0,0,0,0,0,0,0,0,1,RG,14,,,,,
7,3,treatment,3,,15-Aug-22,227,16-Aug-22,,AM,23,0,0,0,0,0,0,0,0,0,0,0,0,0,0,0,0,RG,4,,,,,
8,1,control,3,,15-Aug-22,227,16-Aug-22,,AM,25,1,0,4,1,0,0,0,0,0,0,0,0,0,0,5,0,RG,23,,,,,
8,2,control,3,,15-Aug-22,227,16-Aug-22,,AM,28,0,1,7,0,0,0,0,0,0,0,0,0,0,0,8,0,RG,0,,,,,
8,3,control,3,,15-Aug-22,227,16-Aug-22,,AM,27,0,0,4,4,0,0,0,0,0,0,0,0,0,0,8,0,RG,5,,,,,
9,1,treatment,3,,15-Aug-22,227,16-Aug-22,,AM,25,0,0,1,0,0,0,0,0,0,0,0,0,0,0,1,0,RG,4,,,,,lots of herbivory
9,2,treatment,3,,15-Aug-22,227,16-Aug-22,,AM,25,1,1,1,0,0,0,0,1,0,0,0,0,0,0,3,1,RG,2,,,,,lots of herbivory
9,3,treatment,3,,15-Aug-22,227,16-Aug-22,,AM,29,0,0,2,0,0,0,0,0,0,0,0,0,0,0,2,1,RG,8,,,,,lots of herbivory
10,1,control,3,,15-Aug-22,227,16-Aug-22,,CG,20,0,0,0,0,0,0,0,0,0,0,0,0,0,0,0,1,RG,28,,,,,
10,2,control,3,,15-Aug-22,227,16-Aug-22,,CG,22,0,0,2,0,0,0,0,0,0,0,0,0,0,0,2,0,RG,3,,,,,
10,3,control,3,,15-Aug-22,227,16-Aug-22,,CG,25,0,0,1,2,0,0,0,0,0,0,0,0,0,0,3,1,RG,18,,,,,
11,1,treatment,3,,15-Aug-22,227,16-Aug-22,,CG,16,0,5,1,0,0,0,0,1,0,0,0,0,0,0,7,1,RG,0,,,,large insect eggs,
11,2,treatment,3,,15-Aug-22,227,16-Aug-22,,CG,16,0,0,5,1,0,0,0,0,0,0,0,0,0,0,6,1,RG,0,,,,,
11,3,treatment,3,,15-Aug-22,227,16-Aug-22,,CG,20,0,0,2,1,0,0,0,0,0,0,0,0,0,0,3,0,RG,0,,,,,
12,1,control,3,,15-Aug-22,227,16-Aug-22,,CG,19,0,0,4,2,0,0,0,0,0,0,0,0,0,0,6,0,RG,17,,,,,
12,2,control,3,,15-Aug-22,227,16-Aug-22,,CG,21,1,0,3,5,0,0,0,5,0,3,0,0,0,0,16,1,RG,13,,,,large insect eggs,
12,3,control,3,,15-Aug-22,227,16-Aug-22,,CG,24,0,0,0,0,0,0,0,0,0,0,0,0,0,0,0,1,RG,11,,,,,
13,1,treatment,3,,15-Aug-22,227,16-Aug-22,,AM,27,0,2,6,0,0,0,0,0,0,0,0,0,0,0,8,0,RG,0,,,,,leaves mostly discolored
13,2,treatment,3,,15-Aug-22,227,16-Aug-22,,AM,25,5,0,5,2,0,0,0,0,0,0,0,0,0,0,7,0,RG,3,,,,,leaves mostly discolored
13,3,treatment,3,,15-Aug-22,227,16-Aug-22,,AM,27,1,5,7,1,0,0,0,0,0,0,0,0,0,0,13,1,RG,0,,,,,leaves mostly discolored
14,1,control,3,,15-Aug-22,227,16-Aug-22,,CG,23,0,0,6,2,0,0,0,1,0,1,0,0,0,0,10,1,RG,2,,,,,
14,2,control,3,,15-Aug-22,227,16-Aug-22,,CG,24,1,0,4,0,0,0,0,1,0,0,0,0,0,0,5,0,RG,0,,,,,
14,3,control,3,,15-Aug-22,227,16-Aug-22,,CG,23,1,0,21,0,0,0,0,0,0,0,0,0,0,0,21,0,RG,2,,,,,
15,1,treatment,3,,15-Aug-22,227,16-Aug-22,,CG,20,0,0,0,0,0,0,0,0,0,0,0,0,0,0,0,1,RG,14,,,,leaf a bit damaged,no flag
15,2,treatment,3,,15-Aug-22,227,16-Aug-22,,CG,22,0,0,0,0,0,0,0,0,0,0,0,0,0,0,0,1,RG,41,peeled over midrib,1,,large insect eggs,no flag
15,3,treatment,3,,15-Aug-22,227,16-Aug-22,,CG,23,1,1,5,2,0,0,0,0,0,0,0,0,0,0,8,0,RG,21,,,,,no flag
16,1,control,3,,15-Aug-22,227,16-Aug-22,,AS,26,0,0,6,0,0,0,0,0,0,0,0,0,0,0,6,0,RG,10,,,,iridescent egg casings,
16,2,control,3,,15-Aug-22,227,16-Aug-22,,AS,26,1,1,2,0,0,0,0,2,0,0,0,0,0,0,5,1,RG,24,,,,,
16,3,control,3,,15-Aug-22,227,16-Aug-22,,AS,26,1,0,0,0,0,0,0,2,0,0,0,0,0,0,2,1,RG,4,,,,iridescent egg casings,
17,1,treatment,3,,15-Aug-22,227,16-Aug-22,,AS,24,0,0,0,0,0,0,0,0,0,0,0,0,0,0,0,1,RG,4,,,,white ridged eggs,
17,2,treatment,3,,15-Aug-22,227,16-Aug-22,,AS,24,1,0,4,1,0,0,0,0,0,0,0,0,0,0,5,0,RG,2,,,,,
17,3,treatment,3,,15-Aug-22,227,16-Aug-22,,AS,24,0,0,1,1,0,1,0,0,0,0,0,0,0,0,3,0,RG,4,,,,1 Psyllid,
18,1,control,3,,15-Aug-22,227,16-Aug-22,,AM,27,0,5,4,0,0,0,0,1,0,0,0,0,0,0,10,0,RG,0,,,,,
18,2,control,3,,15-Aug-22,227,16-Aug-22,,AM,22,0,0,3,1,0,0,0,0,0,0,0,0,0,0,4,0,RG,5,,,,,
18,3,control,3,,15-Aug-22,227,16-Aug-22,,AM,27,0,1,0,0,0,0,0,3,0,0,0,0,0,0,4,0,RG,0,,,,,
19,1,treatment,3,,15-Aug-22,227,16-Aug-22,,AS,26,0,1,1,0,0,0,0,0,0,0,0,0,0,0,2,0,RG,0,,,,,
19,2,treatment,3,,15-Aug-22,227,16-Aug-22,,AS,22,0,0,0,0,0,0,0,0,0,0,0,0,0,0,0,0,RG,3,,,,,
19,3,treatment,3,,15-Aug-22,227,16-Aug-22,,AS,24,0,0,0,0,0,0,0,0,0,0,0,0,0,0,0,1,RG,4,,,,iridescent egg casing,
20,1,control,3,,15-Aug-22,227,16-Aug-22,,AM,28,0,0,0,0,0,0,0,0,0,0,0,0,0,0,0,1,RG,0,,,,no mites except Eriophyids,
20,2,control,3,,15-Aug-22,227,16-Aug-22,,AM,26,0,1,3,0,0,0,0,0,0,0,0,0,0,0,4,0,RG,0,,,,,
20,3,control,3,,15-Aug-22,227,16-Aug-22,,AM,26,2,1,1,0,0,0,0,0,0,1,0,0,0,0,3,1,RG,7,,,,,
21,1,treatment,3,,15-Aug-22,227,16-Aug-22,,AM,33,0,0,10,2,2,0,0,0,0,0,0,0,0,0,14,0,RG,1,,,,,lots of herbivory
21,2,treatment,3,,15-Aug-22,227,16-Aug-22,,AM,26,1,0,4,0,0,0,0,0,0,0,0,0,0,0,4,0,RG,2,,,,,lots of herbivory
21,3,treatment,3,,15-Aug-22,227,16-Aug-22,,AM,31,1,0,5,0,0,0,0,1,0,1,0,0,0,1,8,0,RG,0,,,,,lots of herbivory
22,1,control,3,,15-Aug-22,227,16-Aug-22,,CG,23,0,1,4,2,0,0,0,0,0,0,0,0,0,0,7,0,RG,6,,,,,
22,2,control,3,,15-Aug-22,227,16-Aug-22,,CG,24,0,1,12,5,0,0,0,0,0,0,0,0,0,0,18,0,RG,16,,,,dead LB,
22,3,control,3,,15-Aug-22,227,16-Aug-22,,CG,22,0,0,6,1,0,0,0,0,0,0,0,0,0,0,7,0,RG,5,,,,,
23,1,treatment,3,,15-Aug-22,227,16-Aug-22,,AM,24,0,0,1,0,0,0,0,1,0,0,0,0,0,0,2,0,RG,10,,,,,lots of herbivory
23,2,treatment,3,,15-Aug-22,227,16-Aug-22,,AM,27,0,0,4,1,0,0,0,1,0,0,0,0,0,0,6,0,RG,35,,,,,lots of herbivory
23,3,treatment,3,,15-Aug-22,227,16-Aug-22,,AM,26,4,0,2,0,0,0,0,0,0,0,0,0,0,0,2,0,RG,3,,,,,lots of herbivory
24,1,control,3,,15-Aug-22,227,16-Aug-22,,AM,29,0,0,1,0,0,0,0,0,0,0,0,0,0,0,1,1,RG,60,,,,,
24,2,control,3,,15-Aug-22,227,16-Aug-22,,AM,30,1,0,1,0,0,0,0,0,0,0,0,0,0,0,1,1,RG,0,,,,,
24,3,control,3,,15-Aug-22,227,16-Aug-22,,AM,28,0,0,1,0,0,0,0,0,0,0,0,0,0,0,1,0,RG,3,,,,2 Psyllids,
25,1,treatment,3,,15-Aug-22,227,16-Aug-22,,CG,29,0,0,3,0,0,0,0,1,0,0,0,0,0,0,4,1,RG,18,,,,,
25,2,treatment,3,,15-Aug-22,227,16-Aug-22,,CG,31,2,0,0,2,0,0,0,0,0,1,0,0,0,0,3,1,RG,32,,,,,
25,3,treatment,3,,15-Aug-22,227,16-Aug-22,,CG,26,0,0,3,2,0,0,0,0,0,0,0,0,0,0,5,1,RG,11,,,,,
26,1,control,3,,15-Aug-22,227,17-Aug-22,,CG,23,0,0,3,0,0,0,0,0,0,0,0,0,0,0,3,1,AM,8,peeled over midrib,1,,,
26,2,control,3,,15-Aug-22,227,17-Aug-22,,CG,19,2,0,1,1,0,0,0,0,0,0,0,0,0,0,2,0,AM,0,,,,,
26,3,control,3,,15-Aug-22,227,17-Aug-22,,CG,22,2,0,0,1,0,1,0,0,0,0,0,0,0,0,2,0,AM,25,,,,,
27,1,treatment,3,,15-Aug-22,227,16-Aug-22,,AM,25,0,0,0,0,0,0,,0,0,0,0,0,0,0,0,0,RG,18,,,,"lots of very long trichomes, no mites",
27,2,treatment,3,,15-Aug-22,227,16-Aug-22,,AM,29,0,0,4,0,0,0,,0,0,0,0,0,0,0,4,0,RG,10,,,,"lots of very long trichomes, no mites",
27,3,treatment,3,,15-Aug-22,227,16-Aug-22,,AM,23,0,0,1,0,0,0,,0,0,0,0,0,0,0,1,0,RG,26,,,,"lots of very long trichomes, no mites",
28,1,control,3,,15-Aug-22,227,16-Aug-22,,CG,24,0,0,16,1,0,0,0,0,0,0,0,0,0,0,17,0,RG,0,,,,,
28,2,control,3,,15-Aug-22,227,16-Aug-22,,CG,29,0,0,23,1,0,0,0,0,0,0,0,0,0,0,24,0,RG,3,,,,,
28,3,control,3,,15-Aug-22,227,16-Aug-22,,CG,23,0,0,11,5,0,0,0,0,0,0,0,0,0,0,16,0,RG,2,,,,,
29,1,treatment,3,,15-Aug-22,227,17-Aug-22,,BM,29,1,0,4,0,0,0,,0,0,0,0,0,0,0,4,0,AM,0,peeled over midrib,1,,,
29,2,treatment,3,,15-Aug-22,227,17-Aug-22,,BM,24,2,0,1,0,0,0,,1,0,0,0,0,0,0,2,0,AM,3,peeled over midrib,1,,,
29,3,treatment,3,,15-Aug-22,227,17-Aug-22,,BM,27,0,1,3,0,0,0,,0,0,0,0,0,0,0,4,0,AM,0,peeled over midrib,1,,,
30,1,control,3,,15-Aug-22,227,16-Aug-22,,AM,28,0,0,0,0,0,0,,0,0,0,0,0,0,0,0,1,RG,14,,,,"no mites, except Eriophyids",
30,2,control,3,,15-Aug-22,227,16-Aug-22,,AM,24,0,0,1,0,0,0,,0,0,0,0,0,0,0,1,0,RG,11,,,,,
30,3,control,3,,15-Aug-22,227,16-Aug-22,,AM,27,0,0,3,0,0,0,,0,0,0,0,0,0,0,3,0,RG,2,peeled over midrib,1,,,
31,1,treatment,3,,15-Aug-22,227,16-Aug-22,,AM,30,0,0,0,0,0,0,,0,0,0,0,0,0,0,0,0,RG,13,,,,,
31,2,treatment,3,,15-Aug-22,227,16-Aug-22,,AM,27,0,0,1,0,0,0,,0,0,0,0,0,0,0,1,0,RG,12,,,,,
31,3,treatment,3,,15-Aug-22,227,16-Aug-22,,AM,25,0,0,2,0,0,0,,0,0,0,0,0,0,0,2,0,RG,11,,,,,
32,1,control,3,,15-Aug-22,227,16-Aug-22,,AM,26,1,0,3,1,0,0,0,0,0,0,0,0,0,0,4,0,RG,2,,,,,top half of tree dead split in the middle
32,2,control,3,,15-Aug-22,227,16-Aug-22,,AM,26,1,0,2,1,0,0,0,0,0,0,0,0,0,0,3,0,RG,4,,,,,top half of tree dead split in the middle
32,3,control,3,,15-Aug-22,227,16-Aug-22,,AM,22,0,0,0,0,0,0,0,0,0,0,0,0,0,0,0,0,RG,7,,,,,top half of tree dead split in the middle
33,1,treatment,3,,15-Aug-22,227,16-Aug-22,,CG,23,1,0,1,0,0,0,0,0,0,0,0,0,0,0,1,0,RG,8,,,,,
33,2,treatment,3,,15-Aug-22,227,16-Aug-22,,CG,22,0,0,1,0,0,0,0,0,0,0,0,0,0,0,1,1,RG,6,,,,,
33,3,treatment,3,,15-Aug-22,227,16-Aug-22,,CG,21,0,0,1,2,0,0,0,1,0,0,1,0,0,0,5,1,RG,5,,,,,
34,1,control,3,,15-Aug-22,227,16-Aug-22,,AM,28,0,0,1,0,0,0,0,2,0,0,0,0,0,0,3,1,RG,4,,,,,
34,2,control,3,,15-Aug-22,227,16-Aug-22,,AM,28,0,0,2,0,0,0,0,0,0,0,0,0,0,0,2,1,RG,8,,,,,
34,3,control,3,,15-Aug-22,227,16-Aug-22,,AM,27,1,0,1,0,0,0,0,0,0,0,0,0,0,0,1,1,RG,1,,,,,
35,1,treatment,3,,15-Aug-22,227,16-Aug-22,,AS,25,0,0,0,0,0,0,0,0,0,0,0,0,0,0,0,0,RG,4,,,,iridescent egg casings,
35,2,treatment,3,,15-Aug-22,227,16-Aug-22,,AS,24,6,0,2,0,0,0,0,0,0,0,0,0,0,0,2,0,RG,2,,,,,
35,3,treatment,3,,15-Aug-22,227,16-Aug-22,,AS,25,0,0,2,0,0,0,0,0,0,0,0,0,0,0,2,0,RG,22,,,,,
36,1,control,3,,15-Aug-22,227,16-Aug-22,,CG,24,0,0,0,0,0,0,0,0,0,0,0,0,0,0,0,0,AM,35,,,,,
36,2,control,3,,15-Aug-22,227,16-Aug-22,,CG,20,0,0,0,1,0,0,0,0,0,0,0,0,0,0,1,1,AM,0,,,,,
36,3,control,3,,15-Aug-22,227,16-Aug-22,,CG,22,0,0,0,0,0,0,0,0,0,0,0,0,0,0,0,0,AM,0,peeled over midrib,1,,,
37,1,treatment,3,,15-Aug-22,227,16-Aug-22,,CG,17,0,0,1,0,0,0,0,0,0,0,0,0,0,0,1,0,RG,7,,,,,
37,2,treatment,3,,15-Aug-22,227,16-Aug-22,,CG,19,0,0,2,0,0,0,0,0,0,0,0,0,0,0,2,1,RG,7,,,,,
37,3,treatment,3,,15-Aug-22,227,16-Aug-22,,CG,17,0,0,1,0,0,0,0,0,0,0,0,0,0,0,1,0,RG,23,,,,small leaf,
38,1,control,3,,15-Aug-22,227,17-Aug-22,,CG,23,0,0,0,0,0,0,0,0,0,0,0,0,0,0,0,0,AM,1,,,,,
38,2,control,3,,15-Aug-22,227,17-Aug-22,,CG,23,0,0,0,0,0,0,0,0,0,0,0,0,0,0,0,1,AM,2,,,,,
38,3,control,3,,15-Aug-22,227,17-Aug-22,,CG,22,0,0,0,0,0,0,0,1,0,0,0,0,0,0,1,0,AM,1,,,,,
39,1,treatment,3,,15-Aug-22,227,16-Aug-22,,CG,27,0,1,11,3,0,0,0,2,0,0,0,0,0,0,17,1,RG,5,,,,,
39,2,treatment,3,,15-Aug-22,227,16-Aug-22,,CG,25,0,0,2,1,0,0,0,0,0,0,0,0,0,0,3,1,RG,4,,,,,
39,3,treatment,3,,15-Aug-22,227,16-Aug-22,,CG,28,0,0,2,0,0,0,0,1,0,0,0,0,0,0,3,1,RG,27,,,,,
40,1,control,3,,15-Aug-22,227,16-Aug-22,,CG,26,0,0,0,0,0,1,0,2,0,0,0,0,0,0,3,1,RG,0,,,,,
40,2,control,3,,15-Aug-22,227,16-Aug-22,,CG,24,0,0,1,1,0,0,0,0,0,0,0,0,0,0,2,0,RG,9,peeled over midrib,1,,,
40,3,control,3,,15-Aug-22,227,16-Aug-22,,CG,22,0,0,1,0,0,0,0,2,0,0,0,0,0,0,3,1,RG,5,leaf tore during peel,,1,,
41,1,treatment,3,,15-Aug-22,227,16-Aug-22,,CG,19,0,0,5,3,0,0,0,0,0,0,0,0,0,0,8,0,RG,2,,,,,
41,2,treatment,3,,15-Aug-22,227,16-Aug-22,,CG,20,1,2,3,7,0,0,0,0,0,0,0,0,0,0,12,0,RG,0,,,,,
41,3,treatment,3,,15-Aug-22,227,16-Aug-22,,CG,17,1,5,0,4,0,0,0,0,0,0,0,0,0,0,9,0,RG,15,,,,,
42,1,control,3,,15-Aug-22,227,16-Aug-22,,AS,23,0,0,0,1,0,1,0,0,0,0,0,0,0,0,2,1,RG,19,,,,silk web casing,
42,2,control,3,,15-Aug-22,227,16-Aug-22,,AS,26,0,0,2,2,0,0,0,0,0,0,0,0,0,0,4,1,RG,3,,,,Psyllid,
42,3,control,3,,15-Aug-22,227,16-Aug-22,,CG,17,0,0,1,0,0,0,0,0,0,0,0,0,0,0,1,0,RG,21,,,,,
43,1,treatment,3,,15-Aug-22,227,17-Aug-22,,BM,23,1,1,3,1,0,0,0,0,0,0,0,0,0,0,5,0,AM,3,,,,,
43,2,treatment,3,,15-Aug-22,227,17-Aug-22,,BM,23,1,0,0,0,0,0,0,0,0,0,0,0,0,0,0,1,AM,1,,,,,
43,3,treatment,3,,15-Aug-22,227,17-Aug-22,,BM,29,2,0,3,1,0,0,0,0,0,0,0,0,0,0,4,0,AM,4,,,,1 Psyllid,
44,1,control,3,,15-Aug-22,227,16-Aug-22,,AM,26,0,0,5,0,0,0,0,0,0,0,0,0,0,0,5,0,RG,1,peeled over midrib,1,,,
44,2,control,3,,15-Aug-22,227,16-Aug-22,,AM,29,0,1,5,0,0,0,0,1,0,0,0,0,0,0,7,0,RG,14,,,,,
44,3,control,3,,15-Aug-22,227,16-Aug-22,,AM,30,0,3,9,0,0,0,0,1,0,0,0,0,0,0,13,0,RG,7,,,,,
45,1,treatment,3,,15-Aug-22,227,17-Aug-22,,AM,33,0,0,2,0,0,0,0,1,0,0,0,0,0,0,3,0,AM,1,,,,,
45,2,treatment,3,,15-Aug-22,227,17-Aug-22,,AM,31,0,0,0,0,0,0,0,0,0,0,0,0,0,0,0,1,AM,8,,,,,
45,3,treatment,3,,15-Aug-22,227,17-Aug-22,,AM,32,0,0,0,0,0,0,0,1,0,0,0,0,0,0,1,0,AM,2,peeled over midrib,1,,,
46,1,control,3,,15-Aug-22,227,17-Aug-22,,BM,27,0,0,1,0,0,0,,0,0,0,0,0,0,0,1,1,AM,1,,,,2 Psyllids,
46,2,control,3,,15-Aug-22,227,17-Aug-22,,BM,26,0,0,1,0,0,0,,0,0,0,0,0,0,0,1,0,AM,3,,,,,
46,3,control,3,,15-Aug-22,227,17-Aug-22,,BM,25,0,0,0,0,0,0,,0,0,0,0,0,0,0,0,1,AM,9,leaf tore,,1,no mites except Eriophyids,
47,1,treatment,3,,15-Aug-22,227,16-Aug-22,,AM,25,1,0,0,0,0,0,0,2,0,0,0,0,0,0,2,0,RG,1,,,,,
47,2,treatment,3,,15-Aug-22,227,16-Aug-22,,AM,28,0,2,3,2,0,0,0,4,0,0,0,0,0,0,11,1,RG,1,,,,,
47,3,treatment,3,,15-Aug-22,227,16-Aug-22,,AM,26,0,0,12,1,0,0,0,0,0,0,0,0,0,0,13,0,RG,2,,,,,
48,1,control,3,,15-Aug-22,227,16-Aug-22,,CG,27,3,0,0,1,0,0,0,0,0,0,0,0,0,0,1,0,RG,33,,,,,
48,2,control,3,,15-Aug-22,227,16-Aug-22,,CG,25,0,3,1,1,0,0,0,0,0,0,0,0,0,0,5,0,RG,13,,,,,
48,3,control,3,,15-Aug-22,227,16-Aug-22,,CG,24,0,8,0,5,0,0,0,0,0,0,0,0,0,0,13,0,RG,11,,,,,
49,1,treatment,3,,15-Aug-22,227,16-Aug-22,,AM,27,2,0,5,0,0,0,0,0,0,0,0,0,0,0,5,0,RG,7,peeled over midrib,1,,,
49,2,treatment,3,,15-Aug-22,227,16-Aug-22,,AM,25,1,0,7,5,0,0,0,0,0,0,0,0,0,0,12,0,RG,5,,,,,
49,3,treatment,3,,15-Aug-22,227,16-Aug-22,,AM,23,0,0,3,1,0,0,0,0,0,0,0,0,0,0,4,0,RG,5,peeled over midrib,1,,,
51,1,treatment,3,,15-Aug-22,227,17-Aug-22,,AM,30,2,2,3,0,0,1,,0,0,0,0,0,0,0,6,1,AM,5,,,,,
51,2,treatment,3,,15-Aug-22,227,17-Aug-22,,AM,30,1,0,1,0,0,0,,0,0,0,0,0,0,0,1,1,AM,4,,,,,
51,3,treatment,3,,15-Aug-22,227,17-Aug-22,,AM,25,1,0,0,0,0,0,,0,0,0,0,0,0,0,0,1,AM,15,,,,,
52,1,control,3,,15-Aug-22,227,17-Aug-22,,CG,23,0,0,1,0,0,0,0,0,0,0,0,0,0,0,1,0,AM,11,,,,,
52,2,control,3,,15-Aug-22,227,17-Aug-22,,CG,23,0,0,3,0,0,0,0,0,0,0,1,0,0,0,4,0,AM,0,,,,,
52,3,control,3,,15-Aug-22,227,17-Aug-22,,CG,21,0,0,0,0,0,0,0,0,0,0,0,0,0,0,0,1,AM,2,peeled over midrib,1,,,
53,1,treatment,3,,15-Aug-22,227,16-Aug-22,,CG,20,0,0,0,3,0,0,0,1,0,0,0,0,0,0,4,1,RG,2,,,,,
53,2,treatment,3,,15-Aug-22,227,16-Aug-22,,CG,24,0,1,1,1,0,0,0,2,0,0,0,0,0,0,5,1,RG,6,,,,,
53,3,treatment,3,,15-Aug-22,227,16-Aug-22,,CG,19,0,0,0,0,0,0,0,0,0,0,0,0,0,0,0,0,RG,19,,,,large insect eggs,
54,1,control,3,,15-Aug-22,227,16-Aug-22,,AM,28,1,0,0,0,0,0,0,3,0,0,0,0,0,0,3,1,RG,27,,,,,
54,2,control,3,,15-Aug-22,227,16-Aug-22,,AM,24,0,0,6,0,0,0,0,0,0,0,0,0,0,0,6,0,RG,20,,,,,
54,3,control,3,,15-Aug-22,227,16-Aug-22,,AM,26,0,0,3,0,0,0,0,1,0,0,0,0,0,0,4,1,RG,29,,,,,
55,1,treatment,3,,15-Aug-22,227,17-Aug-22,,CG,19,0,0,0,1,0,0,0,0,0,0,0,0,0,0,1,1,AM,4,,,,,very large leaves
55,2,treatment,3,,15-Aug-22,227,17-Aug-22,,CG,18,0,0,0,2,0,0,0,0,0,0,0,0,0,0,2,1,AM,7,,,,,very large leaves
55,3,treatment,3,,15-Aug-22,227,17-Aug-22,,CG,17,1,0,3,0,0,0,0,0,0,0,0,0,0,0,3,0,AM,11,,,,,very large leaves
56,1,control,3,,15-Aug-22,227,16-Aug-22,,AM,31,0,0,3,1,0,0,0,0,0,0,0,0,0,0,4,1,RG,4,,,,,
56,2,control,3,,15-Aug-22,227,16-Aug-22,,AM,27,0,0,8,0,0,0,0,0,0,0,0,0,0,0,8,0,RG,5,,,,,
56,3,control,3,,15-Aug-22,227,16-Aug-22,,AM,29,0,0,7,1,0,0,0,0,0,0,0,0,0,0,8,0,RG,0,,,,,
57,1,treatment,3,,15-Aug-22,227,17-Aug-22,,BM,26,0,0,2,0,1,0,0,0,0,0,0,0,0,0,3,0,AM,0,,,,,
57,2,treatment,3,,15-Aug-22,227,17-Aug-22,,BM,26,0,0,2,0,0,0,0,0,0,0,0,0,0,0,2,1,AM,0,,,,,
57,3,treatment,3,,15-Aug-22,227,17-Aug-22,,BM,26,0,0,4,0,0,0,0,0,0,0,0,0,0,0,4,0,AM,3,,,,,
58,1,control,3,,15-Aug-22,227,17-Aug-22,,AM,26,0,1,0,0,0,0,,0,0,0,0,0,0,0,1,1,AM,1,,,,,
58,2,control,3,,15-Aug-22,227,17-Aug-22,,AM,24,0,0,2,0,0,0,,0,0,0,0,0,0,0,2,1,AM,7,,,,,
58,3,control,3,,15-Aug-22,227,17-Aug-22,,AM,26,0,0,0,0,0,0,,0,0,0,0,0,0,0,0,0,AM,1,,,,,
59,1,treatment,3,,15-Aug-22,227,16-Aug-22,,CG,22,0,0,2,1,0,0,0,1,0,0,2,0,0,0,6,0,RG,0,peeled over midrib,1,,,
59,2,treatment,3,,15-Aug-22,227,16-Aug-22,,CG,24,0,1,1,0,0,0,0,2,0,0,0,0,0,0,4,0,RG,6,peeled over midrib,1,,,
59,3,treatment,3,,15-Aug-22,227,16-Aug-22,,CG,28,0,0,1,0,0,0,0,0,0,0,0,0,0,0,1,0,RG,0,,,,,
60,1,control,3,,15-Aug-22,227,16-Aug-22,,AM,28,0,1,2,0,0,0,0,1,0,0,0,0,0,0,4,1,na,,slide lost no data,,,,
60,2,control,3,,15-Aug-22,227,16-Aug-22,,AM,25,1,0,4,0,0,0,0,0,0,0,0,0,0,0,4,0,na,,slide lost no data,,,,
60,3,control,3,,15-Aug-22,227,16-Aug-22,,AM,27,0,1,1,0,0,0,0,1,0,0,0,0,0,0,3,0,na,,slide lost no data,,,,
61,1,treatment,3,,15-Aug-22,227,16-Aug-22,,CG,25,0,0,15,2,0,0,0,0,0,0,0,0,0,0,17,0,RG,5,,,,,
61,2,treatment,3,,15-Aug-22,227,16-Aug-22,,CG,25,1,0,4,1,0,1,0,0,0,0,0,0,0,0,6,1,RG,9,,,,,
61,3,treatment,3,,15-Aug-22,227,16-Aug-22,,CG,23,3,0,3,8,0,0,0,1,0,6,0,0,0,0,18,0,RG,35,,,,,
62,1,control,3,,15-Aug-22,227,16-Aug-22,,AM,24,0,0,4,0,0,0,0,0,0,0,0,0,0,0,4,0,RG,0,,,,,lots of herbivory
62,2,control,3,,15-Aug-22,227,16-Aug-22,,AM,25,0,0,0,0,0,0,0,0,0,0,0,0,0,0,0,0,RG,0,,,,,lots of herbivory
62,3,control,3,,15-Aug-22,227,16-Aug-22,,AM,24,1,0,3,0,0,0,0,0,0,0,0,0,0,0,3,1,RG,12,,,,,lots of herbivory
63,1,treatment,3,,15-Aug-22,227,16-Aug-22,,AS,24,1,1,1,4,0,1,0,0,0,0,0,0,0,0,7,1,RG,0,,,,,
63,2,treatment,3,,15-Aug-22,227,16-Aug-22,,AS,26,2,2,2,0,0,0,0,0,0,0,0,0,0,0,4,0,RG,2,,,,,
63,3,treatment,3,,15-Aug-22,227,16-Aug-22,,AS,22,0,0,0,0,0,0,0,0,0,0,0,0,0,0,0,1,RG,7,,,,,
64,1,control,3,,15-Aug-22,227,16-Aug-22,,CG,25,0,3,1,0,0,0,0,0,0,0,0,0,0,0,4,1,AM,2,,,,,
64,2,control,3,,15-Aug-22,227,16-Aug-22,,CG,26,0,0,4,0,0,0,0,2,0,0,0,0,0,0,6,1,AM,3,,,,,
64,3,control,3,,15-Aug-22,227,16-Aug-22,,CG,25,0,0,0,0,0,0,0,0,0,0,0,0,0,0,0,1,AM,11,,,,,
65,1,treatment,3,,15-Aug-22,227,16-Aug-22,,AM,23,3,2,1,0,0,0,0,0,0,0,0,0,0,0,3,1,CG,0,peeled left side,,,,
65,2,treatment,3,,15-Aug-22,227,16-Aug-22,,AM,26,2,0,2,0,0,0,0,0,0,1,0,0,0,0,3,1,CG,2,peeled left side,,,collected SP,
65,3,treatment,3,,15-Aug-22,227,16-Aug-22,,AM,25,1,0,4,0,0,0,0,0,0,0,0,0,0,0,4,1,CG,7,,,,tiny maggot,
66,1,control,3,,15-Aug-22,227,16-Aug-22,,AM,29,0,0,2,0,0,0,0,0,0,0,0,0,0,0,2,1,RG,0,,,,,lots of herbivory
66,2,control,3,,15-Aug-22,227,16-Aug-22,,AM,29,0,6,5,0,0,0,0,0,0,0,0,0,0,0,11,1,RG,1,,,,,lots of herbivory
66,3,control,3,,15-Aug-22,227,16-Aug-22,,AM,30,0,0,4,0,0,0,0,0,0,0,0,0,0,0,4,0,RG,0,,,,,lots of herbivory
